,0,1,2,3,4,5,6,7,8,9,10,11,12,13,14,15,16,17,18,19,20,21,22,23,24,25,26,27,28,29,30,31,32,33,34,35,36,37,38,39,40,41,42,43,44,45,46,47,48,49,50,51,52,53,54,55,56,57,58,59,60,61,62,63,64,65,66,67,68,69,70,71
50.0,5.891045542534723e-07,8.4971127734375e-07,7.952647994791666e-07,,,,,,,,,,,,,,,,,,,,,,,,,,,,,,,,,,,,,,,,,,,,,,,,,,,,,,,,,,,,,,,,,,,,,
51.0,6.982380768229165e-07,7.324275963541666e-07,,,,,,,,,,,,,,,,,,,,,,,,,,,,,,,,,,,,,,,,,,,,,,,,,,,,,,,,,,,,,,,,,,,,,,
52.0,3.9482836227413256e-07,6.818037565104167e-07,,,,,,,,,,,,,,,,,,,,,,,,,,,,,,,,,,,,,,,,,,,,,,,,,,,,,,,,,,,,,,,,,,,,,,
53.0,3.57214135134294e-07,6.992182135416667e-07,,,,,,,,,,,,,,,,,,,,,,,,,,,,,,,,,,,,,,,,,,,,,,,,,,,,,,,,,,,,,,,,,,,,,,
54.0,7.018667122395832e-07,1.0718229919748434e-06,3.9647911381049896e-07,3.8110835890228605e-07,,,,,,,,,,,,,,,,,,,,,,,,,,,,,,,,,,,,,,,,,,,,,,,,,,,,,,,,,,,,,,,,,,,,
55.0,7.062641940104165e-07,2.111671017605293e-06,4.772717232397117e-07,1.5817387480706527e-06,3.799320457054651e-07,,,,,,,,,,,,,,,,,,,,,,,,,,,,,,,,,,,,,,,,,,,,,,,,,,,,,,,,,,,,,,,,,,,
56.0,3.6740399777302383e-07,3.7510426535212507e-07,1.8032469712329599e-06,9.60201584350569e-07,8.95822348227858e-07,3.763925028473813e-07,4.46956576597634e-07,3.25606891989429e-07,1.3506773244754002e-06,7.112037330729166e-07,,,,,,,,,,,,,,,,,,,,,,,,,,,,,,,,,,,,,,,,,,,,,,,,,,,,,,,,,,,,,,
57.0,3.908036170540784e-07,3.6342851962684323e-07,3.6160019949540526e-07,3.6868240217921393e-07,4.153615487789706e-07,3.692322058882807e-07,3.798427265313167e-07,8.584151626667213e-07,1.3028597682556509e-06,1.0495613537729436e-06,2.719891607492576e-07,3.8290219975372253e-07,3.5728063463987903e-07,1.5993974667614007e-06,,,,,,,,,,,,,,,,,,,,,,,,,,,,,,,,,,,,,,,,,,,,,,,,,,,,,,,,,,
58.0,1.1827400168878494e-06,3.720086481455414e-07,8.671357592392349e-07,8.692118127086871e-07,1.5408359169672155e-06,1.527651109222808e-06,3.6904089963564254e-07,7.270408541666667e-07,9.151340147134135e-07,7.432172676358636e-07,8.252975950488865e-07,1.4403804616907892e-06,,,,,,,,,,,,,,,,,,,,,,,,,,,,,,,,,,,,,,,,,,,,,,,,,,,,,,,,,,,,
59.0,3.6060728381123664e-07,1.083938719724286e-06,8.917311899630218e-07,3.6295803403715725e-07,1.5246800921728796e-06,1.4955762409191361e-06,1.508108103256038e-06,6.754298291637899e-07,7.406747044270832e-07,7.400827591145833e-07,7.251341867452466e-07,7.174825357290133e-07,7.326289330440121e-07,,,,,,,,,,,,,,,,,,,,,,,,,,,,,,,,,,,,,,,,,,,,,,,,,,,,,,,,,,,
60.0,3.5633408278180373e-07,7.684287101761587e-07,7.511532343750001e-07,1.529538542230461e-06,3.642821108841569e-07,5.771215955860716e-07,1.4917907439398572e-06,3.574444104051883e-07,2.9717085546875e-07,9.072170112114849e-07,1.0584373048365197e-06,,,,,,,,,,,,,,,,,,,,,,,,,,,,,,,,,,,,,,,,,,,,,,,,,,,,,,,,,,,,,
61.0,6.788723629183543e-07,2.4553980463324653e-07,1.091780563072024e-06,1.8491308134489297e-06,1.4358917666441663e-06,9.244840924952098e-07,3.5576085416315764e-07,1.7877058886718748e-07,3.6688632938684513e-07,6.485797220543487e-07,7.544559348958332e-07,4.778199333253867e-07,4.933506729815786e-07,1.5359431158187827e-06,6.746951058125519e-07,3.6329525697222275e-07,8.095432135787459e-07,3.656846754155416e-07,,,,,,,,,,,,,,,,,,,,,,,,,,,,,,,,,,,,,,,,,,,,,,,,,,,,,,
62.0,1.7699593457031248e-07,6.043821519385252e-07,5.312842129318636e-07,1.0892170802943204e-06,3.6504948202518385e-07,9.526461961831e-07,1.8347845312499999e-07,8.492593182059619e-07,1.4774213788951043e-06,1.494801442490956e-06,1.501127771706735e-06,4.315029559739323e-07,1.7250358919270832e-07,3.6448294996426474e-07,3.6036218349383716e-07,2.8394037434895827e-07,1.8407732923680882e-06,,,,,,,,,,,,,,,,,,,,,,,,,,,,,,,,,,,,,,,,,,,,,,,,,,,,,,,
63.0,7.579159817708334e-07,1.7531235495895662e-06,1.0815042878742275e-06,1.4165587638161401e-06,9.530606072419395e-07,5.011294428202203e-07,1.9255256933593746e-07,3.5741546744014977e-07,3.6837229296741715e-07,4.0609781531510666e-07,1.0656005412878942e-06,2.7788883984375e-07,1.001679699461297e-06,3.9401708858051244e-07,3.653722379233137e-07,1.0134507216764007e-06,1.0547607924075053e-06,,,,,,,,,,,,,,,,,,,,,,,,,,,,,,,,,,,,,,,,,,,,,,,,,,,,,,,
64.0,1.2757996157145374e-06,1.4385996946712173e-06,2.853543665364583e-07,3.624153037492004e-07,9.628239701891912e-07,5.010982426029827e-07,5.34025870069039e-07,8.484264553098297e-07,3.56051275720271e-07,1.4640480601348023e-06,1.4658651767102794e-06,1.5492119780431732e-06,1.5561431356615767e-06,3.6270729406819804e-07,1.6644414564116173e-06,1.65873078966739e-06,1.6777184292195608e-06,3.2537041982421874e-07,1.1754066597901245e-06,1.9043292805989584e-07,7.705257122395833e-07,1.998088567708333e-07,5.63241615154497e-07,1.0912543011145379e-06,1.7211451725260418e-07,,,,,,,,,,,,,,,,,,,,,,,,,,,,,,,,,,,,,,,,,,,,,,,
65.0,1.1272884804186997e-06,3.609752603661887e-07,7.801653723958333e-07,7.926274453125e-07,3.554031066735328e-07,1.4694068462310957e-06,2.0160040234375e-07,3.690955233433343e-07,4.5531221520031705e-07,2.0965520999042668e-07,1.1265952480491242e-06,4.030802081559597e-07,1.0029124564583503e-06,3.241947740885416e-07,1.948260224609375e-07,1.9214618912760417e-07,1.8433034309895834e-07,2.897038905490451e-07,3.504850442708333e-07,2.663629831922743e-07,4.0688641180218887e-07,9.626580334556008e-07,5.969492998030516e-07,1.6763793532364583e-06,3.0780432682291656e-07,,,,,,,,,,,,,,,,,,,,,,,,,,,,,,,,,,,,,,,,,,,,,,,
66.0,4.634056832436442e-07,2.7808523088357197e-07,1.2628601923718807e-06,6.2782587621474e-07,1.5063829233206878e-06,3.39812368943572e-07,1.1518258740701152e-06,8.00328484375e-07,1.0657193173909475e-06,1.0439637232180916e-06,1.0907205142418305e-06,1.0131491187529403e-06,1.668570269952406e-06,1.9933277766927082e-07,1.1019314598983363e-06,1.7824769824218748e-07,1.6802925260416664e-06,3.48903833984375e-07,6.481837346878037e-07,3.370161128379935e-07,,,,,,,,,,,,,,,,,,,,,,,,,,,,,,,,,,,,,,,,,,,,,,,,,,,,
67.0,3.5547430567664644e-07,3.6493171283324356e-07,3.5237616853802273e-07,6.916374853283426e-07,4.278353966770303e-07,6.036545763164072e-07,1.6738960124410197e-06,4.196114291323894e-07,1.7420949043676727e-07,1.0914368144122266e-06,7.789403347368593e-06,8.782544303867597e-07,4.124990843503405e-07,4.0477223470551e-07,1.1413409287893098e-05,1.0949720618536384e-06,2.888944847005208e-07,1.376152626308133e-06,9.82742018183948e-07,1.538336014240576e-06,1.0227283272569442e-06,2.4752857292751733e-07,2.507182692057292e-07,6.330132368000612e-07,1.5480169999999999e-06,1.1692122600842816e-06,2.6098771025318954e-07,,,,,,,,,,,,,,,,,,,,,,,,,,,,,,,,,,,,,,,,,,,,,
68.0,1.7514538509114582e-07,1.2651751685957019e-06,4.3261222855252657e-07,6.639240921760972e-07,1.6264991846809779e-06,1.3940726207721837e-06,3.557807484967742e-07,1.6895300770872823e-06,3.327191549479166e-07,4.066882607443626e-07,4.1769907857898845e-07,1.222321948353599e-05,2.886348029506789e-07,3.5087939321280356e-06,1.0343183159293307e-05,7.671823457305821e-07,2.7947506130322127e-07,6.691751323320941e-07,2.3010322526041665e-07,9.921989141223049e-07,7.191534546972828e-07,1.4329036536458333e-06,8.175386002604165e-07,1.303792068244086e-07,3.5886124481188117e-07,1.133140367416605e-06,2.5715556550012913e-07,,,,,,,,,,,,,,,,,,,,,,,,,,,,,,,,,,,,,,,,,,,,,
69.0,1.4244014913698619e-06,1.0022095015422592e-06,7.386195104900211e-07,2.3270311454323297e-07,1.5871448060622744e-06,4.1570497946839446e-07,3.5726154988145316e-07,4.196725193878005e-07,1.3099742679774695e-05,7.061685284739948e-07,6.801667969799965e-07,8.116328389183467e-07,4.1776145396545306e-07,6.502385088675507e-07,9.435221829960122e-08,4.398532363656394e-07,2.524978168980066e-07,2.3802472013359772e-07,1.1740087627172954e-06,2.0871725990920597e-07,2.140795078125e-07,3.690667947180337e-07,2.9485358496093754e-07,1.3803980494791667e-06,3.7066573411215585e-07,3.694738249663021e-07,1.4296361217529592e-06,2.02019439453125e-07,1.727390198567708e-07,8.334307682291666e-07,2.388326441731771e-07,,,,,,,,,,,,,,,,,,,,,,,,,,,,,,,,,,,,,,,,,
70.0,1.3358485130208333e-06,2.273133540592114e-07,1.1718297513796245e-06,2.7261770411913804e-07,8.546436822916665e-07,3.07050198186071e-07,4.4742524914601646e-07,1.618709977266841e-06,1.8691942024739582e-07,2.7657391913812567e-06,1.19161794831992e-06,2.7032157279023863e-07,7.525754105478725e-07,4.3564687820801437e-07,8.324342468117289e-07,1.5593362817846403e-06,5.906832240587082e-07,1.4849617122063112e-06,3.882943469134105e-07,2.3654367045355898e-07,5.403595447319715e-07,5.506391132244883e-07,5.660754978321886e-07,1.7176950601220572e-06,4.33968455008088e-07,3.818754907738698e-07,3.307283928574224e-07,,,,,,,,,,,,,,,,,,,,,,,,,,,,,,,,,,,,,,,,,,,,,
71.0,8.486707708333332e-07,2.3624041647135417e-07,2.978362163024769e-07,4.219516130154431e-07,1.0058121934829395e-06,2.762474377553499e-06,3.8264032711519766e-07,1.3923316510416665e-06,1.6989268325197865e-06,4.183845396276797e-07,7.703108825227592e-07,4.079035338047e-07,4.197507195703818e-07,1.1641546445142462e-06,1.5868342114550063e-06,2.277840193365579e-06,3.0117543803748767e-06,5.726081369379684e-07,1.4377387395833334e-06,1.2797369338465946e-06,1.4287017775416674e-06,1.8161470492767648e-06,8.020934935769028e-07,3.291258413833823e-07,1.6737070279947914e-07,3.5283158494614915e-06,3.674937126908489e-07,3.6194004970769856e-07,2.1492721815617553e-06,7.556271630515857e-07,2.8189207636811745e-07,2.78235581827836e-07,1.7239398718783884e-06,3.8800632496257523e-07,4.253250843651217e-07,,,,,,,,,,,,,,,,,,,,,,,,,,,,,,,,,,,,,
72.0,4.2115307533903867e-07,3.863194547547943e-07,2.0287139780056843e-07,5.359690095994436e-07,1.4650551318097038e-05,1.6316857356770833e-07,2.617337616466546e-06,2.0934987484882662e-07,2.807119062276007e-07,8.330141551640759e-07,2.789472429273401e-07,2.0265926723854026e-07,4.3643185618726115e-07,4.7372831878259315e-07,4.474752629137112e-07,8.325078867187499e-07,2.3769035843098956e-07,2.3783992012803818e-07,2.390972329861111e-07,1.7991863618257373e-06,1.5282450260416665e-06,4.064520958153724e-06,1.5095337442758542e-06,1.0356482083333335e-07,7.602363907968632e-07,1.038792260560652e-06,7.767806981306366e-07,9.561311047634878e-07,,,,,,,,,,,,,,,,,,,,,,,,,,,,,,,,,,,,,,,,,,,,
73.0,5.517282291959493e-06,2.8615698185737355e-07,1.1754279424992013e-06,1.1755532436252091e-06,7.908182430363821e-07,4.3567685603677756e-07,1.7340649739400445e-06,1.528186005859375e-07,3.6637090783612965e-07,3.9655234969944623e-07,1.1705166378308086e-06,7.23513687847972e-07,1.3064127805447048e-07,5.332437511135001e-07,1.4760550442700918e-06,1.3577107193956006e-06,5.427105148311906e-07,3.224469129311068e-07,2.40033582139757e-07,1.3678640056415522e-05,1.908823014969174e-07,1.4101128471354422e-05,2.7187227562244653e-06,4.324028993642039e-07,4.2367704377888985e-07,4.2609484641981264e-07,1.7627457871110772e-06,1.5193699578740891e-05,2.2470721166527617e-07,9.167500537651909e-08,1.5382538827291157e-07,1.284126971946572e-05,2.4211053621877064e-07,,,,,,,,,,,,,,,,,,,,,,,,,,,,,,,,,,,,,,,
74.0,1.4696497596839126e-07,1.3036326966603303e-05,1.6259188385416667e-06,1.2801686701010852e-06,8.462318697916665e-07,8.226266381570807e-07,8.368753039619616e-07,1.7385238046088817e-06,8.980657850558145e-07,2.3852482822265625e-07,4.268080497871956e-07,2.4070289873046873e-07,2.0779664385783565e-06,3.8931232956794863e-07,2.9957073461715555e-07,1.4586509002593614e-06,1.5496521536458584e-05,1.5596834962501792e-05,1.562358836689669e-05,1.057670079121074e-06,2.082280389612611e-07,2.057300114915698e-07,1.3609389146907385e-06,2.682437150629911e-07,3.217597205331747e-06,4.49326630260046e-07,1.4604186621093748e-07,1.628294160515353e-06,2.452476819702852e-07,5.025353481699733e-07,2.4922046295502277e-06,7.698588692829214e-07,4.251143502378422e-07,4.956243916149453e-07,3.7025586776320217e-07,4.4130529015780127e-07,1.7421297683526698e-06,,,,,,,,,,,,,,,,,,,,,,,,,,,,,,,,,,,
75.0,8.013248639419981e-07,6.666707347978625e-07,1.7028908430989586e-07,2.4367595288921356e-06,9.328250352079191e-07,5.12917667054356e-07,8.521594474334558e-07,9.809407863572962e-07,9.708053322291236e-07,1.105653715643622e-06,3.274536833588324e-07,8.142718252747551e-07,8.334821743461968e-07,2.850751827655879e-07,1.987024719526101e-06,3.4740755844638276e-07,3.734868995153551e-07,3.9240456317206434e-07,4.338751708951363e-07,4.447791935919948e-07,2.898740857977411e-07,3.6617245969165264e-06,9.924039941640581e-07,2.4160721349477387e-07,2.1179894719924713e-07,2.1975135371924027e-07,2.278191009132532e-07,8.667760755208332e-08,8.57822163438585e-08,8.880043255208332e-07,1.7932399877200434e-06,1.445187305918383e-06,1.8159897609715006e-06,7.772906957335117e-07,4.1707667341251307e-07,2.375093558919271e-07,2.209033193251755e-06,1.3998349070920398e-07,1.305729621739977e-05,1.3239792361893364e-05,5.511715800835341e-07,1.1752923547294375e-06,1.7385695705337946e-07,8.491699377064602e-06,3.7834631644035424e-07,3.7109727835302455e-07,7.391509796215929e-06,,,,,,,,,,,,,,,,,,,,,,,,,
76.0,1.2126881101049509e-06,2.3354293187934027e-07,8.372838302408854e-08,1.4558825392238109e-06,1.0721977153195457e-06,7.785542788200426e-07,9.972960390336097e-06,1.3707132061543266e-06,4.5039946069698684e-07,3.55782296782581e-07,1.2670238355891094e-06,1.7929588333333332e-06,5.248461041299272e-07,1.4005183850919741e-07,8.717332924533418e-08,1.3911680461478034e-07,1.003112954327227e-06,1.4139916979762397e-07,1.3451857414102254e-05,2.1440013981707717e-07,3.386985312983137e-07,3.51516738745458e-07,3.630677459430852e-07,3.7126244526167503e-07,5.253338030702885e-07,4.952999305360188e-07,4.450047134008974e-07,4.797084003506471e-07,2.58110984781452e-06,2.707773169825537e-06,3.030593187385073e-07,1.449865796934118e-06,2.41235376859816e-07,1.36863286524023e-07,2.466631211493063e-06,6.552574913418525e-07,8.723579627560514e-07,6.672240268479392e-07,9.25792987847222e-08,4.485564583334408e-07,2.407192653795137e-07,6.728797428091825e-07,1.4407086588541668e-07,4.02225403006599e-06,1.5525012530732465e-05,4.270388970345872e-07,1.7277876613304341e-06,1.183826793302166e-06,1.9622060808496427e-06,4.1077969752501997e-07,9.136303255208333e-07,1.9054413052883398e-06,,,,,,,,,,,,,,,,,,,,
77.0,2.3280096450549433e-07,3.4724831710624456e-06,4.5441647489377295e-07,1.425053206380208e-07,1.576428361337059e-05,2.155944650845271e-06,1.3275804949322641e-06,9.396125718858507e-08,4.600809097362148e-07,2.2879315719213806e-07,5.675615143016647e-07,4.996895193550284e-07,4.228094426872719e-07,4.205701182985647e-07,3.061983506283075e-07,1.369807976367466e-06,1.3433354256586835e-07,2.4716574652004204e-06,2.8103091529952875e-07,2.1630017691134713e-07,2.1895040720299346e-07,3.8888921783958795e-07,1.2054084776264946e-07,1.740007372370859e-06,1.5197527683640455e-06,2.572075138784982e-06,1.6789571223958332e-07,2.2060816040411377e-07,4.129274170451334e-07,5.490273400150007e-07,2.9789323775983077e-06,1.4912289619580247e-06,1.3297198713383786e-06,1.3720349671513918e-07,3.842403171634941e-07,1.0986047289305607e-06,1.1888164915332409e-06,,,,,,,,,,,,,,,,,,,,,,,,,,,,,,,,,,,
78.0,1.5129279524739585e-07,4.190792151129107e-07,4.545418707965972e-07,4.0261088491353346e-07,4.477872425737007e-07,3.433341108457083e-07,1.3739419865856423e-05,1.1115436159326152e-06,1.107882595533959e-06,1.357383233320869e-07,6.529995355263437e-07,1.6929317057291664e-07,3.409746997408575e-07,2.7315359253627836e-07,3.6505313302913353e-06,8.46022853608186e-07,1.6084940668923015e-05,6.73672766040051e-07,4.462053313999548e-07,7.91483193025275e-07,4.910613086761194e-07,4.7428880042644936e-07,1.5104438430906548e-06,1.4262631748459407e-06,2.450212753387364e-06,4.301040937864391e-06,9.302470559895834e-07,1.9361602135416667e-06,1.9847568494619016e-06,1.2300030633661585e-05,2.3971737223977504e-07,8.410275999705576e-07,1.488885632998381e-06,8.733302864019573e-07,3.183157556360247e-07,2.2532174683159724e-07,3.1730125602822443e-06,9.013738400065105e-08,6.95567549334927e-07,2.12401498828125e-07,4.6021620836779e-07,3.954173941750595e-07,2.021135287109375e-07,4.7442042660720207e-07,,,,,,,,,,,,,,,,,,,,,,,,,,,,
79.0,1.1761710715334643e-07,7.543405837037037e-06,1.050292389384618e-06,1.9480624168836806e-07,1.4517179863803662e-05,8.820114961854855e-06,4.0202156448109026e-07,2.856112574151309e-07,2.392940716473763e-07,2.2669294356551804e-07,1.5606388962645913e-06,1.7413954526193733e-06,4.287972701855643e-07,1.8186229036458332e-07,3.108115220777125e-07,1.5927108626302085e-07,7.442459055088823e-07,1.542551391066994e-06,2.1855468129530922e-07,3.078157011510902e-07,9.035774184841579e-08,4.8576902112513615e-06,1.2160289246662528e-06,4.673130292920622e-06,4.0598175701157207e-07,5.126168868798929e-07,2.0163001596147345e-06,2.385338725596991e-06,4.165204428507098e-07,9.561215130208335e-07,1.3876093765945945e-05,1.2626057670608707e-05,3.427841376099954e-07,6.481938310953476e-07,3.9234569246570235e-07,3.3571111043618484e-07,8.791947464578938e-07,2.0952142265624998e-06,9.656055134212133e-07,3.098373212570799e-07,6.747146830519675e-07,1.296660499603193e-06,1.047266977320654e-06,,,,,,,,,,,,,,,,,,,,,,,,,,,,,
80.0,2.463808463203707e-07,6.291490467663518e-07,9.461515550759327e-06,1.2306267845675208e-06,1.0906765618697773e-06,1.617643110823384e-06,9.849663776041666e-07,1.7477291573077495e-06,1.8196507054560265e-05,3.0930164308333965e-07,2.3388819400952623e-07,7.162526725729597e-07,1.1322896313795884e-06,8.528305721130836e-07,4.277511843640695e-07,2.136160046875e-06,1.261081097859475e-06,8.354603249968768e-06,4.2256265550574055e-07,4.096818223315613e-07,4.6214848313060205e-07,1.1646500097034472e-06,1.5152829918438724e-06,1.5417918947107752e-06,5.258942476124922e-06,1.0327835815047807e-06,3.712724870080733e-06,2.5985163207397093e-06,1.4002150310088458e-05,1.3502300133256583e-06,5.509674820520655e-07,3.426980577334266e-07,1.0446420821098349e-06,5.313946120405274e-07,6.833969572521128e-07,2.833422277657296e-07,9.022041191711944e-07,2.838112797637287e-06,2.57885523124702e-06,6.162661399345717e-07,2.6072504827184095e-06,1.6290709737829012e-05,1.4332154994754873e-06,2.721338696141837e-06,1.8761912428385417e-07,2.4858098404947915e-07,1.7257075944010412e-07,2.4722713737561144e-06,2.4209815986689584e-07,2.1528686901465964e-07,2.52794517055041e-06,,,,,,,,,,,,,,,,,,,,,
81.0,9.099616887038042e-07,5.538257721472918e-07,2.3711354836706254e-07,1.2485885851020244e-05,1.6416610643808951e-06,1.0163542599233708e-06,1.225944412778508e-05,1.3973618767768745e-05,1.1991197294133146e-06,5.340876670697499e-06,3.3969178311437407e-07,7.983836598524678e-07,4.401917406262619e-06,1.3936957355867691e-06,1.3764635753998605e-06,6.235830171991175e-07,1.4434871048484035e-06,3.4513757565563216e-07,1.2646029478480332e-06,3.7405026953124997e-07,4.0451435432188986e-07,6.224547347017327e-06,1.7770196790762542e-06,1.2531894311734313e-06,2.6440151598154734e-06,1.5792707682849672e-06,5.6505599361248705e-06,6.470241385356183e-06,2.9120188224909273e-06,6.9464308456456094e-06,6.7656887961438074e-06,3.611395006521257e-06,1.7905189603720658e-06,7.781656115033879e-07,1.7242770475260418e-07,2.3356341352562683e-07,2.0632432958818456e-06,1.093721495442974e-06,1.360569253527811e-05,2.3391641241674172e-07,3.111922192638675e-07,1.359758476299977e-06,6.19218203748594e-06,8.657325294053819e-08,4.7042746201284964e-06,1.3093969555616205e-06,1.6160456413670045e-06,5.818975674072706e-06,2.2488158828125e-06,6.783930158933315e-07,1.6229275444085604e-05,2.1314100384666327e-07,7.163289895127564e-07,1.4874418776791196e-07,3.019675539632667e-07,1.742514835283344e-06,3.057586824490319e-07,1.8035825649956596e-07,1.0152877057291669e-06,,,,,,,,,,,,,
82.0,7.199507856850895e-07,2.0846838920944545e-06,2.0176851712373732e-06,3.607061032075489e-07,5.976226535297508e-06,5.584407672464986e-06,4.90555543034464e-07,2.100781521545109e-07,5.7961025360817134e-06,2.0575549186374177e-07,2.114302503279062e-07,4.1679498956916295e-07,5.678520945331822e-07,1.2634591695566991e-06,6.45177461812883e-07,1.806330315798613e-06,2.811328212170201e-06,9.021555388726128e-08,3.486013978961182e-07,3.547338164530476e-07,8.252257561901223e-07,3.0689978277192593e-07,6.392232960035057e-06,6.112225092781905e-07,1.000986945586695e-05,5.165620980316524e-07,1.1126226592083666e-06,1.1943728455857783e-05,4.077550329667116e-07,9.894315559645528e-06,1.102696907711349e-05,1.1515100414906325e-05,1.2396883476016726e-05,1.553473265308924e-05,1.058990376277353e-06,2.931888483082315e-07,1.1080313521690822e-06,3.54764306086168e-07,3.1695310052506485e-06,1.7157814322916666e-07,8.457871450354465e-07,1.0358833266599782e-06,1.4816466298691532e-06,4.976267831217927e-06,9.90483670396099e-07,1.3992412394233514e-05,2.3210252239597742e-05,4.387436111453314e-07,2.4461068541666667e-06,8.578923244933754e-06,7.267800159869162e-06,4.710479216970712e-06,6.369102691033018e-07,8.238589661876362e-06,1.8717383067971015e-06,2.692066076864867e-06,4.1219622401700457e-07,3.430521191131446e-07,5.44576222008685e-07,,,,,,,,,,,,,
83.0,4.0698126560819876e-07,5.846754716796876e-07,6.645112831758668e-06,1.3681074893422907e-06,3.155862429047074e-07,6.387255473753909e-07,2.175404485984577e-06,2.509837899966476e-06,3.496136371035056e-07,1.769334091761259e-06,3.2339603944548075e-07,1.3887150624233865e-07,9.453862499893214e-07,1.4861146560326666e-07,1.161303498780688e-06,1.6143091275769425e-05,2.3600375525941296e-07,2.0954797074999075e-07,6.993494282431164e-07,5.517262616809605e-07,5.165879566563656e-07,5.172382985590293e-07,1.766829177786021e-06,2.439270641033946e-07,5.951476886541811e-07,1.1379925896122595e-05,1.7208748902378764e-06,1.087832364595585e-05,1.635137217238744e-06,1.1256525702314895e-05,9.818825494415328e-07,6.057653302805507e-07,1.4266974943049364e-06,4.890208293537607e-07,1.0648710618860331e-05,1.0622127588853483e-05,1.4033679283830492e-05,1.4002731850836254e-05,1.637792819281684e-07,3.2147729479307722e-06,3.5694915795665133e-06,8.508238265370466e-07,2.83326434037644e-07,1.4051483615346493e-05,6.224091092211066e-07,1.0742528427252716e-05,4.961722655057119e-07,3.8252268785729377e-07,1.0503348489583334e-06,3.308541368833242e-07,3.9803610558911236e-07,1.7570857501088432e-06,1.7408541418870414e-06,8.929759516387269e-07,9.214710299750434e-08,1.3725171159013279e-06,2.701737885416667e-06,1.5830390071614584e-07,3.859118007872886e-06,1.2689986221766664e-06,,,,,,,,,,,,
84.0,7.946057902356993e-06,1.1005864433593748e-06,4.797340208576378e-07,1.2136662453124094e-06,1.1860594866387683e-06,8.260924481969155e-06,1.6846403411376975e-06,6.599902477454508e-07,7.5572101615225865e-06,5.041964518330006e-06,1.1389860705674051e-05,2.5496059665774855e-07,1.090866403645833e-06,7.757192983160398e-07,7.662256269164986e-07,1.7684079187774647e-06,2.2431805139742276e-06,1.1119529431813275e-06,1.1773162165167753e-06,7.42135470887697e-07,9.83786685354311e-07,2.011649467352286e-06,4.177033314247634e-06,6.774309020727005e-07,5.504778822489909e-07,1.921273083363689e-06,6.982913659004828e-07,1.2882557997718275e-06,2.540222716601643e-06,6.886178372193629e-07,3.8479199335514934e-07,2.7879440338541666e-06,1.3869684529604612e-06,6.904910511514598e-07,9.463380926649305e-08,7.065298899270277e-07,4.746032049909344e-06,2.957951675148151e-06,3.608419759204942e-07,4.8383848620478206e-06,6.506489707182661e-07,1.7363071574968024e-06,1.273307465430025e-05,1.1666437676563582e-05,9.654488744498594e-07,1.7957628637726993e-06,1.490779587472299e-07,2.8247396953387513e-06,2.0731091173066903e-07,2.0823285067468844e-07,5.385227666579011e-07,2.3778278991176483e-07,8.090740354199837e-07,4.551944240688081e-07,,,,,,,,,,,,,,,,,,
85.0,1.9356337597692815e-05,8.678665192738945e-07,2.9097725521229282e-06,1.0409460753580728e-07,1.806841239921157e-06,1.2289124068268773e-06,2.75470784541213e-05,9.66665229119325e-07,7.085521772344891e-07,6.509569878791723e-07,7.743914290140238e-07,3.80810131473289e-06,2.278625573016245e-06,2.1480044105814577e-07,3.6336275049274555e-07,2.3970526063136242e-06,6.135454290588633e-07,8.285998746575989e-07,1.5026132584635417e-07,2.0903343450520833e-06,4.9603007019325575e-06,8.4921068714557e-06,5.431651758605581e-06,1.1310554366044774e-06,4.562858855614346e-07,5.645318817672623e-07,3.6903493870141494e-07,1.3960017121754432e-05,3.140877381300839e-07,2.3499646777766764e-07,6.988214244372877e-06,1.619485773544648e-05,1.7683899579571152e-06,1.2284764697584715e-06,2.737400807898787e-06,1.6127200360664166e-05,2.411352830500814e-07,1.8063625885011792e-06,1.390743413362121e-06,1.1824973486511827e-05,9.605088448032336e-07,2.7909925740189676e-07,3.8669251234405524e-07,3.592142391764322e-07,2.8360178359375003e-06,3.5681542836858567e-07,2.355323040667153e-07,1.0530886702361586e-06,,,,,,,,,,,,,,,,,,,,,,,,
86.0,1.4979845377604166e-07,8.853107918758394e-06,7.271614581215147e-07,2.867636885610604e-05,1.4240437202812268e-06,1.5065909804314527e-07,1.2632495746481908e-06,2.0961956462597156e-06,5.901487090396551e-07,2.4293013952723025e-07,2.393247040629571e-07,1.9062570493281997e-06,7.257308689894711e-06,4.59959296938197e-07,3.4523942896895218e-06,1.1350813339258456e-05,9.436871443056035e-07,1.158789359375e-06,1.8364843201508417e-06,1.327476714839353e-06,4.323141295340487e-06,5.6075477681259374e-06,3.4325637472971655e-07,3.659051259845158e-07,3.5303890875488507e-06,2.188665667745871e-06,3.044537764348732e-06,1.6333140105885038e-05,6.415358748870933e-07,2.5148172346190346e-06,3.897668546947287e-06,2.2206695425790816e-07,1.0224294766288884e-06,1.8623676481119791e-07,3.855623547562757e-07,1.463476499285412e-06,7.748366776638235e-07,8.173677447602323e-07,1.3963772858033305e-05,1.3992941455452433e-05,1.7380690318432922e-06,3.5354175232212555e-07,9.957308528645834e-07,1.2944800193551752e-05,3.988485775747902e-06,2.37893719371375e-06,8.893455312121004e-07,1.7284489645512791e-06,3.8111742042241827e-07,1.1978821441525248e-06,1.2004318096498903e-06,,,,,,,,,,,,,,,,,,,,,
87.0,7.775759948464599e-07,1.9367901969262357e-07,5.681935616853828e-06,6.794196069523393e-07,1.3990711275683581e-05,6.868191033631411e-07,1.9333423781151274e-07,1.72175816158205e-07,1.8637681490224315e-07,3.457257281103157e-07,2.200298691716503e-06,1.1362581351644327e-06,1.3431171117579642e-05,1.3577105034835532e-05,1.364572146056017e-05,7.4153098116400665e-06,1.387268746373693e-05,2.7591301644806744e-06,5.101535783116208e-06,1.6167396021517692e-07,2.387852921819541e-06,1.6286876100994553e-05,2.8142585744231025e-06,2.835529784811452e-06,3.8120449479166664e-06,1.4525534023960049e-06,4.1584489342695264e-06,4.365001975880785e-06,1.4172383691839437e-06,9.696721728532693e-07,4.433001737687034e-06,2.1777185322035838e-06,2.588564381368976e-07,1.091446364747446e-06,6.250494762548753e-07,2.3391486939036624e-07,1.1907574343228293e-06,2.3001151938941104e-06,4.470637924883779e-06,1.4737238505545862e-06,7.794044808441502e-07,6.760028856569311e-07,1.0908056258104112e-07,3.0260933480312358e-05,1.0682324651128745e-05,1.202258899576823e-07,9.471461723155194e-07,1.8752098918940397e-06,1.8124607590090053e-06,8.872368055173919e-07,2.999446390625e-06,1.5793494824218749e-07,1.406989951171875e-07,1.4867251521477457e-06,9.011444025967333e-07,7.552465842274767e-07,7.58460430501302e-08,7.546330724264428e-06,2.307859777640473e-07,3.7945964176969276e-07,7.01965873083575e-07,1.849314575171043e-06,1.620082171001765e-06,1.5835100169270831e-06,,,,,,,,
88.0,3.7692273130027865e-06,1.2381242838541666e-06,8.27772271476174e-06,3.415560930485329e-07,1.1714144037030485e-06,1.3597747167713737e-06,1.2728457897135417e-06,1.305480453033507e-06,1.888091000827921e-05,5.973578751569288e-06,4.38793921317434e-06,2.919893875911458e-06,3.191868258229167e-06,1.808659066448372e-06,1.819567435005589e-06,1.8269915880626949e-06,4.032020988420645e-06,8.55929130859375e-08,6.972915824829187e-07,1.5971694021266834e-05,8.72923935546875e-08,3.339531232911881e-07,1.5626124459437694e-06,2.7320844085035575e-07,1.031059015601655e-06,5.683001294702072e-06,5.612178595265727e-06,5.2508646291534835e-06,7.1247303670721955e-06,1.076888362948066e-05,7.554299372671479e-06,1.3227952867423002e-05,3.541980464546118e-05,1.337647522329906e-05,1.3242381724180276e-05,1.3141733002227078e-05,1.5854164640212668e-06,4.2885349028229134e-07,1.4658078913435955e-06,1.8219158306372321e-06,2.6427208088458863e-06,3.879112435757962e-06,2.020406567372567e-06,3.8844775955168493e-07,1.2347107325398596e-06,1.1503883281979281e-06,1.9665896165348704e-06,2.915976894203918e-06,3.2296576962000565e-06,1.322382486454656e-06,3.372393964360004e-07,7.846114947687484e-07,1.914545607181421e-06,5.61120554710508e-06,3.8002997410381575e-07,8.944279201043235e-07,9.194474876053086e-07,8.932015475068801e-07,3.9190646904998e-05,,,,,,,,,,,,,
89.0,1.4291731024257466e-06,1.1021696870542893e-05,2.758327164942306e-07,7.459418692157881e-07,6.75510957737628e-07,1.2938411780429186e-06,3.1539199903230036e-06,1.3752256513591784e-06,6.802823398928077e-07,1.6390445908181426e-07,9.259390456826016e-07,1.18060342622057e-06,6.497775413450595e-07,5.418532609191863e-07,1.5430225283535753e-06,3.111208664803993e-07,4.437958738099637e-06,1.921818507496833e-07,2.3808445812602934e-07,1.2285862899318562e-06,6.892928419421316e-07,1.4241812067836393e-05,1.1507806210419668e-06,1.6835398746290775e-06,3.310589599964728e-06,6.458819661458333e-06,1.5222647870654427e-06,1.4649211244450084e-06,2.5849619422421873e-07,3.474915047568137e-06,1.4496031725520835e-06,1.0679817655050286e-05,7.588094064120157e-06,3.2618546249999997e-06,7.959694552318993e-06,7.463585382228213e-06,8.582977038084613e-06,3.13150702609394e-05,4.453974875385923e-06,1.0849755098621573e-06,1.0459381711632087e-06,9.78652504702196e-07,1.1318647235286222e-06,1.2792793345617133e-06,1.2664002341161243e-06,1.2695212124209692e-06,8.483682697980277e-06,1.3401915364583332e-06,1.1394937189331952e-06,7.104761176947891e-06,1.6507445273278104e-06,2.1658827733664798e-06,1.12618037109375e-07,1.3304052864583334e-07,1.5568973848046303e-05,1.2833061995985245e-07,1.5403244173177082e-07,2.95299481443752e-06,1.55488078125e-07,2.3837348477981765e-07,1.0299547470575526e-05,1.303420047204333e-05,8.154441940104166e-07,4.447607821860998e-07,1.7966968366883905e-06,4.21240382523296e-06,1.0993985852864581e-06,7.908247734374999e-07,4.788714540608525e-06,2.9976746150585224e-06,3.2332535680889886e-06,5.028896291881338e-06
90.0,1.5042828465533715e-06,1.1949337786106522e-06,1.623182955288604e-06,1.080865284897006e-06,1.2092252888549153e-06,1.778874944926017e-06,5.09718155465415e-07,0.00012328978616579095,8.675632745858949e-06,5.38352333388149e-07,1.7935051096734228e-07,9.885100732421876e-08,5.228247592158109e-06,2.2769787828969527e-06,1.1102121190526015e-05,6.018203463541667e-07,2.335340131721962e-06,1.2936109477524202e-05,3.0267233813757885e-06,1.620400355530071e-05,2.3293454967718712e-06,3.2980142745417156e-06,3.935439091881848e-06,1.29174299128428e-05,4.0401288075944656e-07,9.60308302779732e-07,3.4459470624999995e-06,9.678494645833331e-06,1.5228418919270836e-06,4.7386809713262845e-06,1.197359833984375e-07,1.574468231456283e-05,1.4935173854166668e-06,1.818196514954342e-06,7.294546933753497e-07,2.0378103572918617e-05,7.455747886808856e-06,1.2612375481759021e-05,2.1496397085406537e-07,1.4279642685257516e-05,1.853368891143418e-07,1.9467923565588363e-07,3.413643611225878e-07,2.4553324999548873e-05,1.4119855408698674e-05,5.143929159161787e-06,2.712683287946382e-07,1.8948924455584843e-06,3.1882949174045027e-07,1.646318107024989e-05,1.3794899861102557e-06,2.1046003377278644e-07,1.6335035405616047e-06,1.5110462677809567e-05,5.93967725289833e-07,1.4513469535047742e-07,1.1972161619356688e-05,3.2936150212499995e-06,7.173969446125374e-07,7.987690699697826e-06,1.4621539372432488e-06,9.096204051690175e-07,6.69110082600413e-07,5.677238293808827e-06,2.207409730237495e-05,,,,,,,
91.0,7.604680854404318e-06,2.8727554351957176e-06,2.3335784660748763e-05,1.9837531400309368e-07,2.5349297724066835e-07,9.653100259147623e-07,2.361460670548346e-07,1.6872267256254406e-06,4.714661331563048e-06,2.1344527325021844e-06,1.4966557686289822e-06,3.418572926513077e-05,1.4207286679589664e-06,6.75465906649493e-07,5.982589839635123e-07,5.130864751480672e-06,1.4683222321576874e-05,3.87730822052717e-07,1.4331553411076661e-05,2.7679739721274772e-06,2.3076977374285437e-07,2.3009599404996174e-07,1.2755663668975743e-05,3.171688280675869e-07,8.728503067184751e-07,4.870122130069605e-06,2.8847826639907365e-06,1.1041921200130388e-05,3.1287214667641675e-05,1.4878788778867694e-05,1.9278882544024627e-05,1.3171013279450426e-06,1.0616642231468779e-05,1.6675023427083334e-05,9.733306009548203e-07,1.9267806163800373e-06,2.3472007954929983e-06,1.801473811795486e-06,2.0992682711233167e-06,5.973776649781821e-06,6.790446683317867e-07,2.847941344068992e-07,1.6250196130095782e-06,9.520522572951229e-07,9.122719967493868e-07,6.721119799521156e-07,1.7064862035147984e-06,3.8055445285550874e-06,2.9999389740856394e-07,3.900821334524088e-06,2.072016018705285e-06,2.08100153724117e-06,2.0743131549322765e-06,2.1659247087625801e-07,,,,,,,,,,,,,,,,,,
92.0,5.690847514327442e-06,8.5678556385423e-07,1.5227905883365685e-06,7.629753955303208e-07,1.4920996807162684e-05,4.13098825091934e-06,1.4523196451663755e-06,3.2638511728460602e-06,8.176869771814187e-06,6.369657740796669e-06,3.54995219329934e-07,4.996799002337144e-05,2.6214048770672678e-06,3.2049839086536895e-06,3.175424946666742e-06,2.1470167766962016e-06,7.225075241657257e-07,4.1719083095983914e-07,1.876110656415032e-05,2.2890293281491787e-06,1.8258623531965992e-06,2.487127460798554e-05,1.7519741145833334e-06,1.265166163968967e-05,2.1153902437617625e-06,2.485387867746863e-06,1.4994055831936076e-06,1.6190200659401752e-05,3.6863037839833053e-06,5.634342337774183e-05,3.177688465845545e-07,1.170128694584009e-05,9.881688863287595e-06,2.1472814251778314e-07,2.332399171321762e-07,1.9237876403640584e-07,3.5832699394213934e-06,3.587227645833333e-06,5.666630226783736e-06,6.237098787092879e-07,4.7042817263454854e-07,3.102431395251445e-05,3.5600647649744805e-07,6.432068212123644e-07,1.68655602484809e-07,3.2157259700878414e-07,2.0960865034765856e-06,5.592674590879198e-06,1.0156181050275838e-06,,,,,,,,,,,,,,,,,,,,,,,
93.0,8.135665562732247e-06,1.9983737619658965e-06,1.619043949740437e-07,1.992824423476081e-07,3.473945494873463e-06,2.6344049874999994e-05,1.6963522261426728e-06,5.996513224152142e-06,3.952645593322398e-06,1.0227663052861735e-05,8.66857603144396e-07,9.335767953716324e-07,1.2953942488440105e-05,8.297480933433779e-06,5.098830491048674e-06,3.4856599756861574e-06,3.9952367291666665e-06,3.4073472212500006e-06,8.417014219028772e-07,3.920567531613978e-06,5.43525865315234e-07,4.3238977167632144e-07,3.300560096938875e-07,1.3981984185745967e-05,1.3526396630681175e-05,1.9219486404622396e-07,5.134587138888889e-07,7.482370492132663e-07,5.447238634234124e-07,1.5446881933588276e-06,3.9100892456669375e-06,1.9632502309224223e-06,2.830608191716515e-07,3.927576547725011e-07,9.746381634936992e-06,7.415839590253921e-06,8.877707601250709e-07,3.6878011540106374e-07,2.932535401600867e-07,2.063471835785772e-06,2.996461311946041e-05,3.1529501467843766e-06,9.321538730192683e-07,3.003600325965942e-06,2.161887414480369e-07,3.537486124956798e-06,8.033825123962224e-07,4.6780796764666434e-05,1.760414838895799e-05,6.344068732227439e-06,1.2535512646540472e-05,2.2822257674408484e-07,9.672644697097805e-05,1.8623210231739567e-05,4.010145061000932e-06,,,,,,,,,,,,,,,,,
94.0,2.0475498960985388e-06,1.2320364844308018e-05,2.2257633746442507e-07,8.598662298631863e-07,5.561815175655036e-06,8.306754498137902e-06,9.452382281125497e-06,2.744268669102777e-05,1.4785386965059424e-06,3.5362179278125e-06,8.761142061750297e-07,1.5875956881293863e-05,7.154753687136037e-06,9.658893548461344e-06,2.8585060078124995e-06,2.699760702732963e-06,1.8426742032055778e-05,8.696509479074539e-06,3.213728880014408e-07,1.8057896798713056e-06,4.0255381149767635e-06,2.6037076597906825e-06,2.34297991638386e-07,2.1350487560396387e-07,1.8880267192451142e-06,4.4128255371947756e-07,1.3173377536000276e-05,1.0009049789058361e-05,1.9527080286361266e-07,1.1110060553765433e-06,1.5185255557202464e-05,2.4555689397205076e-07,1.801890543722601e-06,4.5245543125e-06,7.913189456440943e-07,4.01377111533659e-06,3.6449330640711915e-06,8.090676577353726e-07,1.7093828461786976e-05,,,,,,,,,,,,,,,,,,,,,,,,,,,,,,,,,
95.0,9.264599072916665e-06,2.0856956649947763e-07,3.351965576516648e-07,2.3601348692527546e-05,1.1366843820304537e-06,2.9382893289825666e-05,8.862585029328906e-07,4.820788373947318e-06,8.617066845346763e-07,1.1449686183815474e-06,2.5486182449510903e-05,7.297472264298265e-05,7.69648295282762e-05,4.789222676931933e-07,4.972807523579936e-06,3.6498826503302687e-06,3.4657466188983223e-07,1.9192613218923266e-07,3.6090578248865036e-07,1.7249439087836305e-05,2.4439096910435363e-06,7.020918558675204e-07,1.6217030076158142e-06,3.179984659688979e-07,7.327906716355207e-06,9.400124558302932e-06,1.2241445281310408e-05,2.429162680054324e-06,1.2446369801819489e-05,1.3937454418683156e-06,2.517146577538343e-06,5.248766747698234e-07,1.3664346637572576e-06,2.5065484953011358e-06,5.620955923646774e-06,1.0897002660885753e-06,1.3248347205482343e-05,1.045604898935239e-06,3.510969161848328e-06,3.8586302460394963e-07,1.448010613110423e-06,9.893982126547864e-07,2.9800294911579836e-05,2.5468089854422484e-07,9.509925885614187e-06,3.349466180728536e-05,1.2096552128841085e-05,1.653438366277109e-05,0.0001086549150277894,2.393644880859375e-06,7.383685221985422e-07,2.4418450053363425e-05,3.7736690407177083e-06,4.21610694079252e-06,3.442547061549607e-05,2.0672101583920723e-07,1.3848513511714889e-05,4.6913116999999996e-05,7.032281712356273e-06,4.119676201821862e-06,4.515636895649309e-06,,,,,,,,,,,
96.0,2.318295274625016e-05,0.0001992593766006926,1.954388271563143e-06,1.2109077136173739e-05,7.455436877045557e-06,8.902792717402016e-06,5.540868289633928e-06,3.121715831847102e-05,1.5811747613016167e-05,1.475594771344249e-05,4.532923055092163e-07,4.641649123429176e-06,7.626860557166781e-06,3.523564184680145e-06,4.091180435585364e-05,4.77628087923862e-07,1.945167941351033e-06,5.447885434047433e-07,1.5224556167784899e-05,6.397804476285018e-06,1.2648785206301808e-06,1.2302389040052726e-05,1.0834277633758617e-06,1.5410327038195983e-05,3.916520970952307e-06,1.1755015568030086e-05,2.4272748761804243e-06,2.6664304325420617e-07,3.248489235167786e-07,3.6291782144791664e-06,2.0257980811762987e-05,2.3572529976120742e-05,3.3467862745373586e-05,3.0474402446740456e-05,2.4409921481287125e-05,1.93967548531562e-05,3.4923378989250797e-07,1.327383980374437e-05,5.80197190625e-05,1.387118893323492e-06,0.00013751012108333333,9.025316782680612e-07,5.2262581041666655e-06,1.3027079732345911e-05,1.0947625966688366e-06,3.858684512704125e-06,,,,,,,,,,,,,,,,,,,,,,,,,,
97.0,2.987812532654904e-07,4.9051421578737924e-05,6.759884683995326e-05,2.5793521673971492e-05,5.575277285999079e-07,4.4937447180607755e-07,2.4215712019467498e-06,6.4191756626799094e-06,1.7936860084443445e-06,8.133061473609843e-05,8.591199617773923e-06,9.85881877621825e-07,1.554076340001882e-05,5.738326618867396e-05,2.0439489158854168e-05,6.139025344270991e-05,4.180135828021078e-06,2.3772196482754766e-07,1.21545837633593e-05,6.184344199101742e-06,1.8934119131892738e-05,2.4331121394349266e-05,2.818283664501693e-06,2.7382115567994766e-05,1.9295992921854574e-05,2.3498696905192125e-05,2.2120817697302567e-05,5.388562885334459e-05,8.200453336485273e-06,4.056487821770834e-06,1.8884384221135096e-05,3.622877382586057e-07,8.556692758333333e-05,3.4717139926572396e-06,3.7120213490333155e-06,1.1942247118801307e-05,2.4773644168697456e-07,2.0748811541634965e-07,8.993104733150977e-05,4.515317001257278e-05,6.01691064257776e-06,8.173908417082199e-05,2.159787776684484e-05,2.9835709216449965e-06,3.3278637484284735e-06,3.2337914039847614e-05,0.0001005668380338321,3.650850617298171e-05,3.38475208613347e-05,3.555563486951688e-06,2.8382556054350588e-06,1.820397331166297e-05,,,,,,,,,,,,,,,,,,,,
98.0,1.674946674994023e-05,1.4617755357753684e-05,2.920316319003069e-05,5.72090587032579e-06,0.00027879755022195687,3.9156629933022014e-05,9.270549332466747e-06,7.672468764050891e-05,5.7958960350641664e-05,4.1327457969159937e-07,1.6161898109827295e-05,7.0771078844681125e-06,2.805267274173598e-07,8.28135572862112e-06,3.803251380635989e-06,2.896548529614583e-05,5.154943782893691e-06,2.344161904146943e-07,9.699186076865526e-06,4.115507258627188e-05,2.8311518734347056e-07,2.276244974413426e-06,7.13816454296875e-05,8.021039777012011e-05,0.00030753638926767047,1.4931860777278477e-05,2.9019831717525083e-05,5.7622040117660555e-05,4.2806512172240796e-07,0.00011611372204105553,1.2750558757839485e-05,3.414898729144201e-07,2.015654958177083e-05,2.3246076802590675e-07,3.698773480093684e-05,6.83057877311481e-07,0.00014179356753333898,0.00012871493719542206,1.6068222580505482e-05,1.1972435531178916e-05,6.591851600082258e-06,2.237788299281137e-05,1.1736408295852286e-05,1.1673458697916666e-05,0.00011866071033333334,,,,,,,,,,,,,,,,,,,,,,,,,,,
99.0,3.315373316915319e-05,6.789570938823996e-05,2.7100348085456124e-05,9.98023343069136e-05,0.00021618400925,5.837440920833333e-05,5.269550308598958e-05,9.971913729000232e-05,9.476587478274817e-05,4.50001852093525e-05,8.980625000155939e-05,0.00012377912666490314,7.654877196647913e-05,8.093920793730853e-06,8.755452058582635e-05,2.8992094025943996e-05,3.5387274543328005e-05,0.00012033586867872244,1.7469061120287073e-05,2.069988869362253e-05,2.4147881133954657e-05,6.19421109565679e-05,2.664379820689904e-05,7.918282523337074e-05,0.00012129698300239274,2.9039005335137006e-05,0.00013720237387770547,2.1021171484890887e-05,5.8214220106852167e-05,6.359995854336543e-05,2.8988933482851518e-05,7.164746267841542e-05,2.26907223725414e-07,0.00010898217130643791,0.0001782563464507509,1.4654668419092447e-05,6.58955249655141e-05,2.581686680760636e-07,1.645318667590067e-05,0.00011019023853961865,6.259024317121706e-05,7.575432424923741e-05,7.987074681936711e-05,9.495024950573124e-07,1.583156592603572e-05,9.08930096089106e-05,3.652489539461223e-07,0.00013117855995962332,1.7558342563622726e-05,0.00011172580090707889,,,,,,,,,,,,,,,,,,,,,,
100.0,9.020763880733365e-05,5.685620187775846e-05,0.00011950296030827621,0.00013047839124637246,9.561197042708333e-05,7.249517833676056e-05,4.062402839575472e-05,0.00012575759887641184,1.1085619621299937e-05,0.00015435516538861308,2.3082824296246716e-06,1.0832761050184606e-06,6.0708487981612884e-05,0.00017463474356607027,0.0002113332070482737,4.1019869605634065e-05,0.00016289737758884575,0.00010726272114454599,9.009504819770097e-05,7.424221302192762e-05,7.842471049043788e-05,7.479538190615635e-05,5.489098433464066e-05,3.188174647140939e-05,3.9962363470620986e-05,5.175236266206592e-05,7.430181280350055e-05,8.07825219688963e-05,0.00017909991310027275,0.00024267011809129093,5.1008766071678746e-05,7.413525572981635e-05,0.00013713095355841223,0.00016847908238420246,4.466561462334238e-05,5.64195108268803e-05,9.508916060063913e-05,9.240458836103013e-05,9.394093786584462e-05,0.0001449301684733618,0.00020664174775869817,0.00016538272587349954,8.508386062506954e-05,2.341802560759977e-05,0.0002559941453353074,7.66962441447419e-05,6.171429204420039e-05,0.0001495407132790011,0.00011681297238778403,0.00021497200080365853,5.6901090788816924e-05,7.959461837705056e-05,8.676732161320489e-05,0.00021604351410197748,0.00013706042241380044,,,,,,,,,,,,,,,,,
