,0,1,2,3,4,5,6,7,8,9,10,11,12,13,14,15,16,17,18,19,20,21,22,23,24,25,26,27,28,29,30,31,32,33,34,35,36,37,38,39,40,41,42,43,44,45,46,47,48,49,50,51,52,53,54,55,56,57,58,59,60,61,62,63,64,65,66,67,68,69,70,71,72,73,74,75,76,77,78,79,80,81,82,83,84,85,86,87,88,89,90,91,92,93,94,95,96,97,98,99,100,101,102,103,104,105,106,107,108,109,110,111
21.0,8.392364204069096e-08,6.695546998282855e-08,,,,,,,,,,,,,,,,,,,,,,,,,,,,,,,,,,,,,,,,,,,,,,,,,,,,,,,,,,,,,,,,,,,,,,,,,,,,,,,,,,,,,,,,,,,,,,,,,,,,,,,,,,,,,,
24.0,7.986037085255055e-08,,,,,,,,,,,,,,,,,,,,,,,,,,,,,,,,,,,,,,,,,,,,,,,,,,,,,,,,,,,,,,,,,,,,,,,,,,,,,,,,,,,,,,,,,,,,,,,,,,,,,,,,,,,,,,,
27.0,1.1197210332136199e-07,,,,,,,,,,,,,,,,,,,,,,,,,,,,,,,,,,,,,,,,,,,,,,,,,,,,,,,,,,,,,,,,,,,,,,,,,,,,,,,,,,,,,,,,,,,,,,,,,,,,,,,,,,,,,,,
33.0,7.597079309931135e-07,,,,,,,,,,,,,,,,,,,,,,,,,,,,,,,,,,,,,,,,,,,,,,,,,,,,,,,,,,,,,,,,,,,,,,,,,,,,,,,,,,,,,,,,,,,,,,,,,,,,,,,,,,,,,,,
34.0,6.339690550149284e-07,7.899321503582896e-07,7.428405177490092e-07,7.130708307247105e-07,6.888940001028372e-07,6.728814561119672e-07,,,,,,,,,,,,,,,,,,,,,,,,,,,,,,,,,,,,,,,,,,,,,,,,,,,,,,,,,,,,,,,,,,,,,,,,,,,,,,,,,,,,,,,,,,,,,,,,,,,,,,,,,,
35.0,7.297284336858078e-07,5.952701644220068e-07,5.427689972344552e-07,5.949707910724826e-07,6.179421361404812e-07,8.319542506442277e-07,,,,,,,,,,,,,,,,,,,,,,,,,,,,,,,,,,,,,,,,,,,,,,,,,,,,,,,,,,,,,,,,,,,,,,,,,,,,,,,,,,,,,,,,,,,,,,,,,,,,,,,,,,
36.0,5.041451125862878e-07,4.716344912431627e-07,4.759709269415064e-07,5.200781271468538e-07,5.58197383465436e-07,5.988149519154883e-07,8.523019204591406e-07,8.30098605646553e-07,7.845386951791149e-07,7.016772267665619e-07,8.158592451503674e-07,,,,,,,,,,,,,,,,,,,,,,,,,,,,,,,,,,,,,,,,,,,,,,,,,,,,,,,,,,,,,,,,,,,,,,,,,,,,,,,,,,,,,,,,,,,,,,,,,,,,,
37.0,8.727373379490707e-07,3.0646527599986356e-07,2.8796663097461083e-07,3.411519309655769e-07,2.0228305136615618e-07,,,,,,,,,,,,,,,,,,,,,,,,,,,,,,,,,,,,,,,,,,,,,,,,,,,,,,,,,,,,,,,,,,,,,,,,,,,,,,,,,,,,,,,,,,,,,,,,,,,,,,,,,,,
38.0,8.765021599945993e-07,4.033747998743115e-07,3.4906498623117955e-07,-9.632116276159438e-07,8.503043551987987e-07,7.766161632261896e-08,5.271457992280989e-07,3.666512773079388e-07,7.896885951338524e-08,8.747944453879229e-07,-4.692648042265278e-07,8.370210857586232e-07,5.583622871063301e-07,4.6775299058373957e-07,,,,,,,,,,,,,,,,,,,,,,,,,,,,,,,,,,,,,,,,,,,,,,,,,,,,,,,,,,,,,,,,,,,,,,,,,,,,,,,,,,,,,,,,,,,,,,,,,,
39.0,8.304951460089078e-07,3.647632323401236e-07,5.950915324245283e-07,3.092570504034778e-07,3.3366168730165513e-07,2.4588702548691816e-07,1.1246673998211541e-07,8.543868302034713e-07,,,,,,,,,,,,,,,,,,,,,,,,,,,,,,,,,,,,,,,,,,,,,,,,,,,,,,,,,,,,,,,,,,,,,,,,,,,,,,,,,,,,,,,,,,,,,,,,,,,,,,,,
40.0,3.382834074689867e-07,3.066185789425401e-07,3.0967929200611603e-07,6.138888711443487e-07,2.7186441566360365e-07,8.737156313248255e-07,5.01108473399237e-07,5.568995850338193e-07,3.222620262753229e-07,,,,,,,,,,,,,,,,,,,,,,,,,,,,,,,,,,,,,,,,,,,,,,,,,,,,,,,,,,,,,,,,,,,,,,,,,,,,,,,,,,,,,,,,,,,,,,,,,,,,,,,
41.0,5.101083918081e-07,2.688736118620112e-07,9.053505515472345e-07,2.527540767264431e-07,2.984837810000815e-07,2.887248660218572e-07,5.088994066277889e-07,2.7878716471012204e-07,,,,,,,,,,,,,,,,,,,,,,,,,,,,,,,,,,,,,,,,,,,,,,,,,,,,,,,,,,,,,,,,,,,,,,,,,,,,,,,,,,,,,,,,,,,,,,,,,,,,,,,,
42.0,2.2031678115063615e-07,2.489812657507631e-07,9.428193728497002e-07,5.880321242697383e-07,5.354050611801854e-07,5.056753486594738e-07,6.00283655178598e-07,6.649476642172017e-08,5.627068525543521e-08,2.770210148977135e-07,4.867472995584807e-07,,,,,,,,,,,,,,,,,,,,,,,,,,,,,,,,,,,,,,,,,,,,,,,,,,,,,,,,,,,,,,,,,,,,,,,,,,,,,,,,,,,,,,,,,,,,,,,,,,,,,
43.0,2.7986173532649167e-07,2.987195612406209e-07,2.256000337776701e-07,5.325494433443416e-07,5.574144232327655e-07,6.783551605687153e-08,5.663075791447519e-08,5.073381427811512e-07,2.1161579475336847e-07,2.8023519739212244e-07,4.30812953747987e-07,3.126389984613195e-07,2.6630179653001175e-07,,,,,,,,,,,,,,,,,,,,,,,,,,,,,,,,,,,,,,,,,,,,,,,,,,,,,,,,,,,,,,,,,,,,,,,,,,,,,,,,,,,,,,,,,,,,,,,,,,,
44.0,5.184603797268384e-09,4.0415019505330923e-07,3.020090668319229e-07,-1.319402058103948e-06,3.41240672801431e-07,5.79200959181623e-07,1.8332261053362662e-07,9.995053590266258e-07,,,,,,,,,,,,,,,,,,,,,,,,,,,,,,,,,,,,,,,,,,,,,,,,,,,,,,,,,,,,,,,,,,,,,,,,,,,,,,,,,,,,,,,,,,,,,,,,,,,,,,,,
45.0,1.0875575743566223e-06,4.947076040672538e-07,2.993637169365963e-07,3.4925963167405037e-07,3.2171078839835265e-07,5.687086480505836e-07,1.915297036717752e-07,5.910298004065568e-07,3.6079890462505324e-07,1.7413759425082006e-07,,,,,,,,,,,,,,,,,,,,,,,,,,,,,,,,,,,,,,,,,,,,,,,,,,,,,,,,,,,,,,,,,,,,,,,,,,,,,,,,,,,,,,,,,,,,,,,,,,,,,,
46.0,2.5674148599736313e-07,6.768975899332169e-07,2.901768342188874e-07,2.5651761551672e-07,3.77283874994743e-07,-4.0092186371029335e-08,1.047546993117077e-06,2.0281888069152156e-07,3.3618472402944707e-07,5.286978213985954e-07,1.1991576144982897e-06,2.9277846356137594e-07,3.8811295310838773e-07,6.278174873809779e-07,1.0322063451268403e-06,1.063509838351779e-06,1.319967002407186e-07,1.1483981024587183e-06,3.900467984996741e-07,,,,,,,,,,,,,,,,,,,,,,,,,,,,,,,,,,,,,,,,,,,,,,,,,,,,,,,,,,,,,,,,,,,,,,,,,,,,,,,,,,,,,,,,,,,,,
47.0,5.722764829760392e-07,3.640115721092064e-07,3.490264202324595e-07,4.341983482979839e-07,4.579525177920566e-07,5.886710663553894e-07,2.30217376017213e-07,3.1965132383480387e-07,3.0127855959725635e-07,2.714104440762018e-07,2.814860947997743e-07,2.66147527378945e-07,4.0334538567151227e-07,6.826925695459072e-07,2.218605425498199e-07,3.5204582043935245e-07,1.8313168325772686e-07,,,,,,,,,,,,,,,,,,,,,,,,,,,,,,,,,,,,,,,,,,,,,,,,,,,,,,,,,,,,,,,,,,,,,,,,,,,,,,,,,,,,,,,,,,,,,,,
48.0,5.643055135329796e-07,6.696007413630047e-07,2.314286259509749e-07,2.6296347658453657e-07,3.257537663661609e-07,3.2743678614239933e-07,3.334467551130706e-07,3.698356840854596e-07,1.228241273974342e-06,2.374471934178783e-07,3.654635460778908e-07,3.967521400511574e-07,3.019680850763225e-07,4.13074297953369e-07,5.346330476832377e-07,,,,,,,,,,,,,,,,,,,,,,,,,,,,,,,,,,,,,,,,,,,,,,,,,,,,,,,,,,,,,,,,,,,,,,,,,,,,,,,,,,,,,,,,,,,,,,,,,
49.0,3.7754327180278716e-07,3.168108680713664e-07,3.1423411800085903e-07,2.8880178639930024e-07,1.2387073424341635e-06,3.7539866458416534e-07,3.7022181187705174e-07,3.774980052185581e-08,3.438452942240008e-07,2.485738384422068e-07,3.197500135335919e-07,5.466384032838056e-07,4.1947117962095607e-07,4.2853881926113947e-07,,,,,,,,,,,,,,,,,,,,,,,,,,,,,,,,,,,,,,,,,,,,,,,,,,,,,,,,,,,,,,,,,,,,,,,,,,,,,,,,,,,,,,,,,,,,,,,,,,
50.0,2.8663773785503193e-07,3.555022342191325e-07,3.692416708694386e-07,3.496395342418476e-07,6.320065768083088e-07,6.437925670074572e-07,4.160140310992101e-07,2.589012959460911e-07,4.0446558542207926e-07,3.193857521448919e-07,3.859450882210785e-07,3.0154943774822806e-07,3.1520763651386326e-07,2.5926136315634045e-07,3.8247915013308175e-07,4.446919424181494e-07,3.661961326682291e-07,4.792205206763548e-07,4.253324993009038e-07,,,,,,,,,,,,,,,,,,,,,,,,,,,,,,,,,,,,,,,,,,,,,,,,,,,,,,,,,,,,,,,,,,,,,,,,,,,,,,,,,,,,,,,,,,,,,
51.0,2.6025717173974424e-07,4.391185506080578e-07,3.3003498695876494e-07,3.4888764997438905e-07,3.6988504071430595e-07,2.825987375383507e-07,3.7627835649105025e-07,4.788274295496628e-07,2.8723337095529054e-07,3.9566031846008715e-07,3.1773973845271273e-07,5.093562881724265e-07,,,,,,,,,,,,,,,,,,,,,,,,,,,,,,,,,,,,,,,,,,,,,,,,,,,,,,,,,,,,,,,,,,,,,,,,,,,,,,,,,,,,,,,,,,,,,,,,,,,,
52.0,1.2954759668825594e-06,2.6835115714617566e-07,3.8838982850611093e-07,3.9602865290112205e-07,4.0753915590480384e-07,-9.746381420556054e-08,2.6960222235616e-07,4.383065857331072e-07,3.8403568961914225e-07,4.004196232543203e-07,3.7337556957854695e-07,2.8274769904606e-07,3.375371631983589e-07,3.7632810888494323e-07,,,,,,,,,,,,,,,,,,,,,,,,,,,,,,,,,,,,,,,,,,,,,,,,,,,,,,,,,,,,,,,,,,,,,,,,,,,,,,,,,,,,,,,,,,,,,,,,,,
53.0,2.4768751162387194e-07,4.4897386202932535e-07,2.895849307557623e-07,2.497067328361447e-07,4.168660820032136e-07,1.9812405046359424e-07,1.3364273000435804e-06,2.699867540299549e-07,2.8048730905944766e-07,3.7985191720420437e-07,5.727100627900509e-07,3.203491917523863e-07,4.2744815964818706e-07,3.823856140310803e-07,6.872160804193684e-07,3.8970194675631934e-07,4.171977110449896e-07,1.1165249995625603e-06,4.0516814231834844e-07,1.0618406683995758e-06,,,,,,,,,,,,,,,,,,,,,,,,,,,,,,,,,,,,,,,,,,,,,,,,,,,,,,,,,,,,,,,,,,,,,,,,,,,,,,,,,,,,,,,,,,,,
54.0,1.3751840316666596e-06,-1.7465858015713728e-06,-1.0964151919781639e-07,3.292183217234698e-07,2.661298975292865e-07,5.412118295398641e-07,3.8836853608807413e-07,3.040774211485458e-07,4.329580844222342e-07,4.5332863213264156e-07,4.0419990763558e-07,2.953870711790773e-07,3.7773478236944085e-07,2.652568708321474e-07,7.249123158613941e-07,2.778328908787435e-07,6.512336119183076e-07,4.2649807542898467e-07,3.056965183858166e-07,4.82490471945587e-07,1.408458401644772e-06,2.3454395907788145e-06,7.482989246879312e-07,1.9884886654478636e-06,2.7282811552311276e-07,,,,,,,,,,,,,,,,,,,,,,,,,,,,,,,,,,,,,,,,,,,,,,,,,,,,,,,,,,,,,,,,,,,,,,,,,,,,,,,,,,,,,,,
55.0,4.140388149366862e-07,4.4699881499554673e-07,2.428273771279488e-06,4.2928141638620826e-07,2.8050268959610427e-07,7.085268713131687e-07,3.8924779425390465e-07,2.0561413529773792e-07,2.658564572788137e-07,4.353410712986313e-07,2.833241235392795e-07,4.5508632734979025e-07,1.2292914616524907e-06,2.699562228873971e-07,6.74268424807635e-07,7.848282301285057e-07,6.274025454093565e-07,6.522810892994012e-07,3.6004216421940403e-07,2.790955715595102e-07,3.237017923324774e-07,6.146618077311976e-07,6.579594554680212e-07,,,,,,,,,,,,,,,,,,,,,,,,,,,,,,,,,,,,,,,,,,,,,,,,,,,,,,,,,,,,,,,,,,,,,,,,,,,,,,,,,,,,,,,,,
56.0,2.983403072850855e-07,4.013481536362511e-07,3.914764252073491e-07,1.70506572337316e-07,3.023828905821141e-07,4.6041234127385274e-07,4.513996460594731e-07,1.3936767675301444e-06,6.476111689390295e-07,3.976014310037592e-07,1.2968022344492067e-07,7.40446363961867e-07,7.691055005258214e-07,2.814690764230964e-07,2.7147220893377476e-06,2.9526922300082235e-06,6.026834993218765e-07,6.821276843352536e-07,3.839059352021917e-07,2.6375797415177675e-07,2.2956718749209313e-07,3.267069389152096e-07,3.740934648458333e-07,3.1174857380364356e-07,4.2720800759792537e-07,2.353837070342364e-07,2.3291889300408135e-07,2.547630217547814e-07,2.8955630459408603e-07,,,,,,,,,,,,,,,,,,,,,,,,,,,,,,,,,,,,,,,,,,,,,,,,,,,,,,,,,,,,,,,,,,,,,,,,,,,,,,,,,,,
57.0,7.547699501027193e-07,3.416263361134506e-07,7.564311478532158e-07,3.231223854041531e-07,4.319975411603349e-07,2.3570020719190229e-07,6.71892876069219e-07,3.5901154326842673e-06,3.908793579660509e-07,3.885035429951323e-07,2.7446380364247514e-07,2.4401619539006396e-07,1.0915049859816115e-06,3.255419242621907e-07,3.948668904908076e-07,4.429595955953982e-07,2.6758843301937647e-07,2.5736902227999344e-07,4.102629523921214e-07,3.800714481849137e-07,4.524013103851097e-07,2.042715237414377e-07,,,,,,,,,,,,,,,,,,,,,,,,,,,,,,,,,,,,,,,,,,,,,,,,,,,,,,,,,,,,,,,,,,,,,,,,,,,,,,,,,,,,,,,,,,
58.0,5.868400378582219e-07,2.8195255171951166e-07,2.7273861258041973e-07,4.389287426105131e-07,6.785635887528288e-07,3.0908890289685533e-06,9.589986834524063e-07,4.3800168093152357e-07,4.18759885778206e-07,3.987766524218041e-07,8.007302476228795e-07,9.044217922188822e-07,3.467931570602928e-07,1.4916589820348318e-06,1.5766559984804247e-06,3.312722072826741e-07,3.894302883727614e-07,2.7391891328327713e-07,4.6862787916501453e-07,2.4956767796387455e-07,,,,,,,,,,,,,,,,,,,,,,,,,,,,,,,,,,,,,,,,,,,,,,,,,,,,,,,,,,,,,,,,,,,,,,,,,,,,,,,,,,,,,,,,,,,,
59.0,9.295936082910154e-07,5.79299312468919e-07,2.608848251637751e-07,3.577367509814323e-07,2.9699095804852344e-06,6.143332626558055e-07,4.030565733831292e-07,3.6717674477775415e-07,4.0581147536820364e-07,7.96089790000004e-07,4.466426705578391e-07,4.433843090837058e-07,4.680957935915325e-07,2.872603174193928e-07,6.666747162283884e-07,3.91943230025494e-07,3.3893847542533147e-07,,,,,,,,,,,,,,,,,,,,,,,,,,,,,,,,,,,,,,,,,,,,,,,,,,,,,,,,,,,,,,,,,,,,,,,,,,,,,,,,,,,,,,,,,,,,,,,
60.0,3.798353965116908e-07,8.577464571826788e-07,4.4604191828620636e-07,4.014549141037728e-07,2.8433475641785824e-07,3.656513852928013e-07,2.3832015181695353e-07,3.4531620675096567e-07,4.5907561866560536e-07,4.4638462143718265e-07,7.216220721297517e-07,4.831593737199126e-07,7.229573674657726e-07,8.33739848075805e-07,6.291333075914175e-07,1.5907618232997823e-06,4.110511332979347e-07,4.568035116903561e-07,3.0045302703344028e-06,2.880596486057007e-07,,,,,,,,,,,,,,,,,,,,,,,,,,,,,,,,,,,,,,,,,,,,,,,,,,,,,,,,,,,,,,,,,,,,,,,,,,,,,,,,,,,,,,,,,,,,
61.0,2.115490064888034e-06,4.776001406018619e-07,6.26627255553871e-07,3.5052819216769935e-07,4.4401733187924427e-07,3.4423455014920035e-07,2.4322060948452246e-06,3.8953925802619337e-07,4.038088867297429e-07,2.8748326302556987e-07,2.8469033476356096e-07,5.244562871152777e-07,5.672271027559946e-07,1.2511006929738228e-07,8.793030833785436e-07,4.610415334723958e-07,1.5281816957281009e-06,3.8743094401616415e-07,1.1111901870431056e-07,1.5976660922860536e-06,1.5981444615585787e-06,,,,,,,,,,,,,,,,,,,,,,,,,,,,,,,,,,,,,,,,,,,,,,,,,,,,,,,,,,,,,,,,,,,,,,,,,,,,,,,,,,,,,,,,,,,
62.0,5.103209240638633e-07,4.4162211152346884e-07,4.5612938630915087e-07,6.484348093527077e-07,7.344746845451614e-07,7.149823735737508e-07,4.5463401719650344e-07,7.675654390441654e-08,5.938532586741643e-07,5.666183319713827e-07,8.015771470904138e-07,7.425319161005329e-08,4.6249351323314115e-07,5.115385467460863e-07,5.84443123801467e-07,4.999089567574453e-07,9.428369543619232e-07,5.14024376227881e-07,5.486347449437891e-07,2.667634690645143e-07,8.032087178696637e-07,7.956214027751309e-07,1.5857447306371343e-06,3.0149323946373977e-07,3.8532985520005613e-07,4.2093746644156614e-07,3.496884080508358e-07,4.30405246411078e-07,6.300808165826333e-07,7.727853219810977e-07,1.5362529167334567e-06,4.736801072411717e-07,3.9386158493783195e-07,7.929635816409291e-07,,,,,,,,,,,,,,,,,,,,,,,,,,,,,,,,,,,,,,,,,,,,,,,,,,,,,,,,,,,,,,,,,,,,,,,,,,,,,,
63.0,4.1543209786423263e-07,9.615988952143448e-07,6.987412207886527e-07,8.080362309135548e-07,5.468124208046556e-07,4.986532188200469e-07,4.549331206724404e-07,3.5115938811750277e-07,3.05958467567255e-07,8.116816042463187e-07,5.700775089009129e-07,1.6012000298692443e-06,8.414761065778191e-07,1.3976126482675565e-07,4.845822228905814e-07,3.9362304131845254e-07,2.453592296960066e-07,2.667511188344768e-07,2.8617117224941594e-07,,,,,,,,,,,,,,,,,,,,,,,,,,,,,,,,,,,,,,,,,,,,,,,,,,,,,,,,,,,,,,,,,,,,,,,,,,,,,,,,,,,,,,,,,,,,,
64.0,2.4929153171744637e-06,3.5585634764977173e-07,4.7574672099182023e-07,3.9227142917356483e-07,5.593811432447045e-07,1.199233812537709e-07,5.049401379185576e-07,6.2321199115792e-07,1.0181937490000495e-06,2.92273987967689e-07,2.212192659983364e-06,8.80854696902814e-07,9.025930267441537e-07,2.619560927768051e-07,4.6313117472635157e-07,4.591701246753012e-07,4.293468089190957e-07,1.6965741942705669e-06,7.933522347845906e-07,4.09807721930515e-07,4.3182481368504785e-07,7.562015951079449e-08,4.3599573596220865e-07,7.665953971026257e-08,3.025162377452456e-07,,,,,,,,,,,,,,,,,,,,,,,,,,,,,,,,,,,,,,,,,,,,,,,,,,,,,,,,,,,,,,,,,,,,,,,,,,,,,,,,,,,,,,,
65.0,4.928680752137592e-07,1.0707880203418423e-06,5.101913776718613e-07,3.89157729326216e-07,7.466430753767029e-07,7.628844068850802e-07,8.05741940513542e-07,9.647958774420225e-07,3.577254196116246e-07,3.172009480158981e-07,4.871305082271443e-07,4.623941374127444e-07,2.6626114159723463e-07,4.6376770544210135e-07,9.653966404528007e-07,9.312286824786192e-07,-7.125787989315524e-07,3.7065407782748615e-07,1.8239531232510742e-06,1.6700436585614836e-06,4.042314064404711e-07,6.306265427997093e-07,2.7096040350692096e-06,6.142233366173694e-07,2.745923688716319e-07,6.493935041438209e-07,1.8939213294581755e-06,8.11367610449173e-07,3.957206843822719e-07,,,,,,,,,,,,,,,,,,,,,,,,,,,,,,,,,,,,,,,,,,,,,,,,,,,,,,,,,,,,,,,,,,,,,,,,,,,,,,,,,,,
66.0,4.516710757520302e-07,7.411445225141674e-08,8.328141145888452e-08,4.038955658959026e-07,9.464792069108809e-07,2.698103871551643e-06,6.615368537668786e-07,7.104020998750683e-07,2.007014471060029e-06,7.739260101694868e-08,4.881125446541514e-07,8.01297762700005e-07,3.8802416535749796e-07,4.511252769485851e-07,7.97610145479176e-07,4.904139083246063e-07,2.8294974121457053e-07,3.631037878016298e-07,3.248899185309979e-07,4.6252765625987793e-07,1.0068248736649575e-06,4.803355358158106e-07,1.043027104103452e-06,8.268056148648376e-07,3.1631014561070006e-07,4.786658028497087e-07,4.3328251630593993e-07,,,,,,,,,,,,,,,,,,,,,,,,,,,,,,,,,,,,,,,,,,,,,,,,,,,,,,,,,,,,,,,,,,,,,,,,,,,,,,,,,,,,,
67.0,1.2550505427913763e-06,6.915776132695929e-07,7.370739773769324e-07,8.682847628540509e-08,7.038961126192994e-07,3.5264120275046143e-07,7.991737131098109e-07,1.3862900821455278e-07,3.0898745684078814e-07,8.928477134307598e-08,4.984978785532735e-07,1.04521052814145e-06,8.203647923885066e-07,3.5896674896461107e-07,8.027428379963059e-07,1.4312130010346357e-07,5.194026471575965e-07,5.859441785660044e-07,2.8151010594506458e-06,4.2898048760481815e-07,-6.8961830946792e-07,2.613939287029241e-06,2.3155102537514926e-06,1.7939614600876123e-06,2.539104532596472e-06,4.790622085794204e-07,1.708100920703463e-07,4.6187735474209243e-07,2.5802852460264037e-07,3.128965648465053e-07,5.550738516834213e-07,1.9344182466789833e-07,5.073638405095784e-07,,,,,,,,,,,,,,,,,,,,,,,,,,,,,,,,,,,,,,,,,,,,,,,,,,,,,,,,,,,,,,,,,,,,,,,,,,,,,,,
68.0,8.082083172696215e-07,7.299019857556307e-07,4.2756569416450455e-07,4.951712264328628e-07,4.91653839754682e-07,4.935771717962763e-07,8.508500291773887e-07,2.6678344848983325e-07,8.12741608056869e-07,7.950388709351921e-08,4.086008494722541e-07,7.907251264725531e-07,7.85866302066035e-07,6.61643809594204e-07,1.654808710145174e-07,1.3895611745167144e-07,2.341867936013842e-06,3.826971071939858e-07,3.7624927547569774e-07,1.0905273060408324e-06,2.855712065348822e-07,3.544211060698425e-07,3.33709756466428e-07,4.758748410136883e-07,1.657665731734163e-06,3.1709578237510076e-07,7.542117118334106e-07,3.859277274296077e-07,2.1564964027356448e-08,-1.4730025226835022e-07,2.0980203593756645e-06,1.2204504348289709e-07,1.0915155466350955e-07,1.0054322849261486e-07,8.16181223028744e-08,2.201452572560578e-06,,,,,,,,,,,,,,,,,,,,,,,,,,,,,,,,,,,,,,,,,,,,,,,,,,,,,,,,,,,,,,,,,,,,,,,,,,,,
69.0,6.641595468613128e-07,5.449174406142838e-07,8.162309495808546e-07,7.824815485911338e-07,7.283198972032324e-08,6.024736424394673e-07,2.818678790594803e-07,3.6658403086404417e-07,1.3944665095153549e-06,3.7145748313378276e-07,4.179331794149607e-07,7.187837494210163e-07,2.6242040084834508e-06,2.5022083842600246e-07,2.8124698456455135e-07,3.6315040048005173e-07,4.392521447840968e-07,4.7195777811054493e-07,3.452753027276365e-07,5.09780291786931e-07,8.520737590176897e-07,2.191401162820589e-07,1.592228629138622e-07,4.993310394826835e-07,1.8571577409793882e-06,1.1146004313092787e-06,1.7538314395343354e-07,3.39876657538086e-07,2.593834462012316e-07,1.0709542730285689e-07,1.8111757822499453e-07,8.616008909786173e-07,1.6376562597301854e-07,7.174663543861104e-08,,,,,,,,,,,,,,,,,,,,,,,,,,,,,,,,,,,,,,,,,,,,,,,,,,,,,,,,,,,,,,,,,,,,,,,,,,,,,,
70.0,1.3344107274526388e-07,7.986189257439964e-07,3.563328128107894e-07,4.96316470847937e-07,4.302820497349341e-07,3.819192449304282e-07,2.1575363351405785e-06,1.0013650569129801e-06,9.80921314751696e-07,5.946224228837794e-07,1.7738659689085744e-07,1.7547149204902788e-06,1.9369868665818518e-06,2.1051776127150247e-07,4.842396844392679e-07,2.5339563348002656e-07,2.640588983454656e-07,5.470583779190828e-07,2.6878490701873527e-07,4.969916643580689e-07,4.237938414993151e-07,1.3304795160234278e-07,7.013241970222118e-07,2.6650079543980093e-07,2.5885958694821867e-07,7.639727826350851e-07,2.946930677375681e-07,1.2653646737769516e-06,2.4573898333514277e-07,2.8425778740613186e-07,2.3353474527394854e-07,1.0865113704780165e-06,1.3249923153345412e-06,3.727454659794719e-07,,,,,,,,,,,,,,,,,,,,,,,,,,,,,,,,,,,,,,,,,,,,,,,,,,,,,,,,,,,,,,,,,,,,,,,,,,,,,,
71.0,5.960079611342551e-07,2.2879850320374184e-06,4.995448183633681e-07,1.1408823335030178e-06,3.334070214504636e-07,3.54048676134547e-07,1.2631950383041526e-06,1.114729300984074e-06,4.907460752640939e-07,3.6019491403624357e-07,1.6638060610804333e-06,3.818057556816182e-07,2.954428323354492e-07,2.605473108977769e-07,1.2076726018496066e-06,8.388917881474113e-08,8.377338696721534e-08,2.735341626220966e-07,2.727239503096426e-07,5.504186727431746e-07,1.8594632991657276e-06,2.6759290875022607e-07,5.844106076216675e-08,2.1137873151234494e-06,5.2508337768022615e-08,3.05200764432579e-07,7.835015080325713e-07,4.927771964387632e-07,5.188132714411537e-07,1.381404290720551e-07,1.6547075548967533e-07,1.934798294713851e-07,7.118830547827945e-07,2.8773008621116867e-06,1.1622208787653641e-06,2.8719337368888223e-07,2.456500478418382e-06,5.318889528597682e-07,1.4563069415092415e-06,,,,,,,,,,,,,,,,,,,,,,,,,,,,,,,,,,,,,,,,,,,,,,,,,,,,,,,,,,,,,,,,,,,,,,,,,
72.0,3.563009815090322e-07,1.0231091443569983e-06,2.2612538505903544e-06,8.938436314354379e-07,1.5194097091055149e-06,6.014153394512886e-07,3.2596893256871695e-06,2.2186548308799504e-07,8.862957151710677e-07,8.313032866025212e-07,4.456795996192797e-07,3.15666898825836e-07,2.7941505949362705e-07,5.761659638892332e-07,4.6183263656801413e-07,4.347492699002875e-07,4.552525192183631e-07,5.196502418239679e-07,2.3625704178872758e-07,6.340534524903445e-08,6.898269764838865e-08,6.944551932133374e-08,5.635379449210349e-08,2.2458585550935278e-07,2.555699035372738e-07,3.5428459311470775e-07,9.51254659275953e-07,7.836585432204132e-08,1.1337166869075323e-06,7.391343741494864e-07,2.754493985463088e-07,2.400044029899121e-07,1.2288530092468522e-06,1.4642124694267226e-07,8.606237205470641e-07,3.901043367700412e-07,1.3616863103535157e-06,1.6972631153430434e-07,1.108510758988516e-06,5.105491620607801e-07,4.162529248092617e-07,2.3100580567121525e-07,3.746678547732424e-07,1.912220189377412e-07,7.874087221986298e-07,3.061588523430467e-07,2.874419253476227e-07,1.1821351623868829e-06,6.026647591407796e-07,2.731018768791211e-07,,,,,,,,,,,,,,,,,,,,,,,,,,,,,,,,,,,,,,,,,,,,,,,,,,,,,,,,,,,,,,
73.0,-3.961685841786081e-08,5.805806959162268e-07,3.251776101587975e-07,4.5396248637174406e-07,1.2149560018468802e-06,4.314447023038982e-06,6.918276365432805e-07,5.172240083970665e-07,6.196826601121048e-07,8.423951496124285e-07,9.054125669194688e-07,1.1404436841224407e-06,3.077286421060928e-07,2.4997898453556457e-07,4.3815685514361526e-07,4.951765448629294e-07,2.2374452622569058e-07,4.554791519752263e-07,5.043089923024236e-07,2.3204972561823394e-06,2.4569611634473196e-07,7.455591174820681e-07,5.755611676463168e-07,1.5160080807492517e-06,1.7035546959828322e-06,8.144519927681231e-07,7.978177409362143e-07,1.7837839628019386e-06,1.0105549533865874e-06,9.672673712698566e-07,2.9747060202273817e-07,2.771626619632313e-07,2.6608732790126276e-07,2.466183804443505e-06,2.7699777622058907e-07,2.7700735595565873e-07,5.255994574287163e-07,3.000012621045455e-07,7.360612614750928e-08,2.4175824286401907e-07,2.622447013843506e-07,1.3027208754420602e-06,2.7236288119076903e-07,2.454269629073167e-07,4.688141465458707e-07,2.490598482556962e-07,3.636706644807287e-07,6.980551378863519e-07,1.579396973497022e-06,1.6778317948016686e-07,1.3300973392431048e-06,3.57285518310972e-07,8.739654717370188e-07,,,,,,,,,,,,,,,,,,,,,,,,,,,,,,,,,,,,,,,,,,,,,,,,,,,,,,,,,,,
74.0,4.487481227590855e-07,7.957352090956371e-07,7.54476898132461e-07,9.352505674135789e-07,4.571657508103584e-07,7.820006013612025e-07,2.5400774654087323e-06,1.1308507028381155e-06,1.0766544143426263e-06,4.520279423124186e-06,6.55272266078165e-06,7.599678622895609e-07,1.165095645596804e-06,2.8043655016848705e-07,3.869396524765919e-07,1.1549309496941898e-06,1.6961081894790428e-06,2.0159988051760897e-06,8.016368872548992e-07,6.339434035870234e-07,2.5747334670526563e-07,1.1850415456327547e-06,1.152811896987458e-06,1.327311722979026e-06,2.2334759334385874e-07,2.7173803338347583e-07,5.777961941155375e-07,1.2043370551069774e-06,3.838823211235519e-07,4.685343555177895e-07,7.872116843644995e-07,3.6825248103889765e-06,4.7417463085905227e-07,4.1284947791295594e-07,3.8729663910476206e-07,7.487356415032431e-07,2.9390406339771076e-06,1.1779927587530663e-06,8.777584113730594e-06,1.7728164317256972e-07,1.1883933691617762e-06,1.195535062347374e-06,3.648650547791174e-07,5.66955762252284e-07,8.893762661587648e-07,2.1083420037305454e-06,3.9820564418287393e-07,4.692214570493137e-07,3.2087670204302986e-07,1.180394786754219e-06,2.470624941019295e-07,2.8701983692839356e-07,,,,,,,,,,,,,,,,,,,,,,,,,,,,,,,,,,,,,,,,,,,,,,,,,,,,,,,,,,,,
75.0,3.5616586301316914e-06,1.0041466867752977e-06,9.445965076408659e-07,3.8267944164336427e-07,3.930385009218946e-07,9.805830383848715e-07,4.770292706830552e-07,2.7861502769187345e-07,5.875386118292869e-07,6.463952762131079e-06,1.2335430649560674e-07,5.116523257248448e-07,2.385491683819767e-07,1.8527962882092889e-06,8.654985000906692e-07,2.511769114951425e-06,6.038939852697226e-08,9.794396201638704e-08,1.2706046037858698e-06,2.36858991793537e-07,8.053085720446141e-07,8.013697448234065e-07,9.164763715897188e-07,5.5419837216152e-07,1.739383636377466e-07,3.502249975856709e-07,4.298400258864711e-06,5.994197422120003e-07,7.591935103986421e-07,3.811352798758184e-07,5.371592436690408e-07,1.246210282714541e-06,7.229746740631893e-07,2.9797548031635673e-07,4.868104945015958e-08,2.96639698177598e-07,7.304924292105833e-07,5.176139110103809e-07,4.80900783964818e-07,7.303816512570571e-07,1.1290844095544313e-06,9.374702256946644e-07,8.257981570569614e-07,4.841730950166673e-07,1.4003519052012735e-06,3.9043171315567015e-07,3.059857455693445e-05,5.241015842444671e-07,1.1344525582245043e-06,5.287215228434016e-07,3.4587300233087e-05,6.69744586753269e-07,6.635344182254882e-07,7.013765832845366e-07,9.309380090148203e-07,9.495174008922365e-07,1.7959689633848016e-06,2.7847806006384505e-07,2.603991702443172e-05,6.693115442066314e-07,7.736888605476047e-07,,,,,,,,,,,,,,,,,,,,,,,,,,,,,,,,,,,,,,,,,,,,,,,,,,,
76.0,7.711375349954696e-07,8.561308101548922e-07,5.528748682000714e-07,1.8131667003088777e-06,7.027933983575244e-07,3.7199426415551275e-07,4.008091311763712e-06,2.655279440451038e-07,8.940093003770029e-07,9.293771093912226e-07,1.8707406644128539e-06,9.23762319553218e-07,3.9486322123134917e-07,8.379988038906008e-08,9.06428650901881e-06,1.324524161553824e-06,4.824286702640746e-06,1.26709147398729e-06,4.5226443833585e-06,1.2352096582787413e-06,5.687155389124894e-07,4.2682851667337037e-07,3.502507802716031e-07,7.071620652501746e-07,2.1789808779328459e-07,1.2044872189996914e-06,3.1104380799235156e-07,8.185443335394685e-07,4.112605838414563e-07,5.295831736532599e-07,1.8184675551869442e-06,4.862688236967677e-07,1.098244600894871e-06,8.441480506283538e-07,5.009221081426158e-07,2.1044456802616275e-06,4.3784019170051325e-07,2.6510406056871817e-07,9.736198552840662e-06,1.0242069793956636e-06,4.944641710568086e-07,5.925384406324301e-07,5.959365772449924e-07,5.84000004917127e-07,6.239478777964307e-07,9.557417329646926e-07,1.9834012307231907e-06,1.152895523340405e-06,1.109857888493387e-06,,,,,,,,,,,,,,,,,,,,,,,,,,,,,,,,,,,,,,,,,,,,,,,,,,,,,,,,,,,,,,,
77.0,8.362161502183975e-07,2.7322760196500325e-07,5.414295169195694e-07,5.822200652174475e-07,8.084939387059022e-07,5.281562572002091e-07,2.282184689404088e-06,8.509486758130423e-07,9.497490281898912e-07,8.1855444934353e-07,9.862905989074691e-07,5.68530563939819e-07,6.952860930936709e-07,5.3895028792456506e-08,7.039999543212809e-07,5.87521070493067e-07,1.4054964692179116e-06,1.3206295722161425e-06,7.103312084823402e-08,1.0407476765924125e-06,8.389043036237168e-08,8.206184419327837e-08,1.1710809037603499e-06,1.108612240399371e-06,3.581249576265018e-07,6.215529902266573e-07,8.373894081273185e-07,5.122412017626655e-07,5.160063749717266e-07,4.946347645505097e-07,-1.4946450570590127e-07,5.407243661710441e-06,5.63908946793986e-06,5.797553218719418e-07,6.166955799620075e-07,4.128563790970756e-07,5.874469131165782e-07,7.640529332567076e-07,5.734575280235456e-08,9.872629315870247e-07,3.1542474106616804e-07,5.974423929356897e-06,6.033476740574004e-07,1.1412427141578996e-06,5.261527225799283e-07,5.722285252698361e-07,6.945972399867284e-07,5.6593287967628136e-08,1.253720745195484e-06,9.130663210050641e-07,3.7130181314164377e-07,6.850339232879787e-07,1.395207006870805e-06,3.0092905531028076e-07,1.6843255055170768e-05,1.2652313302545039e-05,2.02314408238045e-07,7.575134556968106e-07,4.855105921526515e-06,9.76311613712004e-07,5.506533601010879e-07,3.37535132476044e-07,3.717262438128556e-07,5.673548608044782e-07,7.397658319860346e-07,7.0919108539312756e-06,6.351363469186677e-06,,,,,,,,,,,,,,,,,,,,,,,,,,,,,,,,,,,,,,,,,,,,,
78.0,1.6763864195954227e-07,1.6070455595962333e-07,2.403175144166513e-07,1.8015268654581835e-07,8.861275388677747e-07,2.0026402599799318e-07,5.222559892667478e-07,2.2866167334296506e-06,2.0531933240723528e-07,1.3971935448002666e-06,3.678739466577395e-05,3.8981892864343223e-07,2.152048657336199e-05,6.448963106455032e-07,6.208627854938985e-07,8.93215242686674e-07,7.402335029043005e-07,6.953630214648975e-07,9.75764447607779e-07,1.2383119222705314e-06,3.224198265889544e-07,2.5605796358935303e-07,2.071371162110709e-07,1.8800139759860695e-07,1.953140296282045e-07,1.996432086436928e-07,2.0060534180099825e-07,9.719160941128859e-07,6.12313273182928e-07,2.1288321963420384e-07,1.6774572272545145e-06,7.218728699674243e-07,5.655257368323869e-07,1.4654030625636022e-06,6.531314280337662e-07,5.0163213923413765e-06,2.35741575146499e-07,6.289737102324874e-07,1.0118759865309272e-06,5.511495159457243e-07,1.2660203431870268e-06,7.073497154907719e-07,8.280258276305743e-06,3.3168245739991574e-07,5.198664479470841e-07,6.048483883216266e-07,3.519425986075056e-07,5.196709197890433e-07,1.1406005621006318e-06,3.297829606980441e-07,5.873136874791175e-07,5.739376285614038e-07,6.325085909073103e-07,3.5876453880358557e-07,3.6233827668310125e-07,6.670356403385123e-07,5.430267004983776e-07,9.491510548919398e-07,7.98652707693211e-08,6.02960551617102e-07,5.718925146396149e-07,1.9878766951326753e-06,2.3852785605485593e-07,2.4744199245892764e-06,5.057554446052978e-07,2.8061556399332997e-07,1.1636811283107899e-06,6.060704041417788e-07,5.280673336109195e-07,5.422316173410238e-07,4.373259118291227e-07,4.427328521366883e-07,3.899138059456285e-07,8.451999537345287e-07,1.5454579111552937e-06,5.507917448856409e-07,6.811181346921759e-07,5.779830639117239e-07,5.981038247959606e-07,4.381069792095432e-07,1.0965326430353934e-06,1.0617206608274041e-06,1.986551718050668e-06,,,,,,,,,,,,,,,,,,,,,,,,,,,,,
79.0,1.533688065102905e-06,6.265564108618892e-07,5.357090094649127e-07,1.226965127198862e-06,3.529773574323009e-07,3.562315044139164e-07,5.986016994588322e-07,4.4900376881025485e-07,6.877453109765558e-07,6.863083728085192e-07,6.621870454667156e-07,2.8310859596913613e-06,7.504861115997591e-07,2.408171668645799e-07,8.399430361891015e-06,7.358590468013583e-07,9.609069957524944e-07,7.275068766512435e-07,6.694023090883048e-07,5.365835224069513e-07,4.609795197742882e-07,4.147241403924127e-06,2.945997677451082e-07,8.358222782822362e-07,5.304360819658348e-06,4.2456409578284184e-07,6.364684589066071e-07,5.827470156350783e-07,5.551627519309598e-07,5.317778839951337e-07,6.009131511241756e-07,2.8153532920789435e-07,7.258827433888646e-07,4.0037974006375506e-07,4.759667498273839e-07,4.816492561965776e-07,3.9559554771835087e-07,7.617206754768553e-07,1.0036113190686377e-07,5.315665969975756e-07,1.5156424974362361e-07,1.4086761961079684e-07,7.932481084130105e-08,2.109905800880814e-07,4.3752530872479095e-07,6.465663840209164e-07,1.2904040638360554e-06,2.2063394701019656e-07,4.86504639567326e-07,7.159949099703919e-07,8.426202593773218e-07,1.0061125254685433e-06,5.206645089109267e-07,5.70817348980411e-07,9.886613235256368e-07,3.1774793329746677e-06,9.048408150554542e-07,7.014532310462815e-08,6.124451002145145e-07,6.042961012626504e-07,3.2908786859001153e-07,5.415944967752188e-07,3.7058114550934203e-07,-8.771739045848728e-07,1.5381442084716212e-06,4.4879687994476377e-07,3.2859032096262065e-07,5.11075755316892e-07,5.788708889482835e-07,1.217740254256381e-06,6.08340470700629e-07,1.8507062115879677e-07,6.079518953251773e-07,1.0192430608045198e-06,1.973918351297768e-07,1.1695474698858115e-06,3.12457914644528e-07,2.1123518868338048e-07,3.4608052504779377e-07,3.221745193428691e-07,,,,,,,,,,,,,,,,,,,,,,,,,,,,,,,,
80.0,1.3721207249752759e-07,2.742778750919201e-07,3.203545598431549e-06,7.076805603823596e-07,7.986729749067071e-07,5.534932771554842e-07,7.348970083240387e-07,7.320116678854835e-07,8.090762566011467e-07,5.632412812133738e-07,1.3279917371142309e-06,5.701195692403679e-07,5.321360086242681e-07,1.9555639192656373e-07,9.801423006585337e-07,4.631032543112623e-07,9.676934908526979e-07,8.311707968462128e-07,6.234604626694266e-07,5.612676659060031e-07,5.839009837664143e-07,2.14471281623922e-07,6.319008555391152e-07,3.037102286056337e-07,6.770760755333742e-07,1.437466516792972e-06,8.628212664588178e-08,7.299021560102675e-07,3.579867668449443e-07,1.339452668678943e-06,3.378776868478322e-07,6.418543259950018e-07,3.25327617837892e-07,3.3436995069200503e-07,3.4289855102450537e-07,5.625459479096994e-07,8.326094221291262e-06,5.557398326949523e-07,1.6428431972112088e-06,7.716005039625453e-07,7.532774802476399e-07,5.108760224173847e-07,2.1586963366204307e-07,6.208748061702502e-07,2.2285261054702325e-07,7.992135152712312e-08,2.0629301508846603e-06,1.0345102220469695e-06,9.239487824425447e-07,9.46211224147194e-07,9.800526715654499e-07,2.995655506317881e-07,7.621765994659726e-07,3.401471313363868e-07,9.587251832051563e-07,8.199186117032476e-07,3.622233361927842e-07,3.505830689431192e-07,3.7342276794866583e-07,1.0929511444527243e-06,1.0663581630832953e-06,7.665134102719225e-07,6.941887798450886e-07,4.119512814891954e-07,1.2886097855453103e-06,6.07478010810013e-07,3.270810517629404e-06,4.038053689393081e-07,2.46906937654248e-07,5.53330522939909e-06,2.640429546717204e-07,5.93573892958181e-06,8.527096418977295e-07,6.302247325783356e-06,7.313182527343507e-07,2.2031969642016067e-07,3.0685962180277096e-07,7.464231986987009e-07,3.684983722864441e-07,1.3395008946868795e-06,2.9341205906566754e-07,1.1212301776770803e-06,3.7430107367515676e-06,1.8150305626187835e-06,5.685638304474096e-07,3.7060005453827902e-06,6.013767344476012e-07,5.238424889761805e-07,7.297900413988703e-07,1.3626275778444386e-06,6.187764247559978e-07,1.5536007919749727e-06,1.3669218918377597e-06,2.0371165392125785e-06,,,,,,,,,,,,,,,,,,
81.0,5.57785871403579e-07,1.5316891237091334e-06,1.5955555979571826e-06,2.548064184049403e-07,2.328571746252814e-07,6.69045701001112e-07,4.381598790325231e-07,5.897954089446761e-07,6.721882917948768e-06,6.544498333990652e-07,2.413334522926604e-07,4.801492279511118e-07,-2.634052339082819e-07,6.04645419920419e-07,7.985558212678407e-07,1.0768343795955803e-06,3.8635860987676106e-07,2.5878284029139874e-06,6.594041995944998e-07,5.79949738231563e-07,2.4938025340417076e-07,5.180167471242277e-07,2.4577590482859885e-07,1.9282065539067282e-07,2.3566117263771496e-07,1.2240664683712934e-07,2.836114351563082e-06,3.094201543403266e-07,3.1905123320706807e-07,6.398544784013921e-07,4.986656773938447e-07,1.4841554245652162e-06,4.615635737593818e-07,3.5538417056265136e-07,1.3128770382684344e-06,1.511137685074738e-06,3.265516440183868e-07,7.43783931076462e-06,6.592916819182123e-07,4.37866738051843e-07,6.694588837339346e-07,2.8706791300765166e-07,6.234568140328155e-07,5.13634892438982e-07,1.1052003179431554e-07,5.703767823901435e-07,5.283337533839583e-07,4.2738169362998833e-07,1.0270525061469767e-06,6.157079190189262e-07,6.032263818138656e-07,7.429044594652407e-08,5.76702911922779e-07,5.307734700721611e-07,2.2599662173765135e-06,2.4882014090037626e-06,1.858054256865094e-06,1.7885135860702555e-06,1.5736912531315683e-07,5.548847086804055e-07,3.3041597150347624e-07,7.100960997466265e-07,2.555870115089316e-07,2.457848774888279e-07,3.814267792708144e-07,4.175119237681107e-07,3.7023960228607855e-07,5.881558033503341e-07,4.073758364515206e-07,3.8370259167572493e-07,3.2046905766582256e-07,9.71086068491113e-07,1.4119934108513518e-06,3.790073925426226e-07,5.597490423390277e-07,,,,,,,,,,,,,,,,,,,,,,,,,,,,,,,,,,,,,
82.0,4.0617474364836173e-07,1.7433486869988724e-06,4.878258434889577e-06,4.446095529398516e-07,3.7317249224425967e-07,4.2308703013302593e-07,3.8876675917135636e-07,1.0272187806204242e-07,2.882002940707213e-07,3.223919648902562e-07,6.775780957598336e-07,1.893689314370196e-06,3.340092078625842e-07,2.7550759547178075e-07,1.469861579168287e-06,1.095673653427425e-06,6.030809860948692e-07,5.58686678874398e-07,1.4741281650464134e-06,3.471432537871539e-06,1.0239415875516197e-06,1.666975049508029e-06,5.70319050204301e-06,4.834788125047629e-07,2.615572702202746e-06,1.383668202270118e-06,8.601390672212253e-07,6.634481229384281e-06,5.691527586358048e-06,6.934474847539179e-07,2.547099383915968e-07,1.1692746359288554e-06,1.3802637660911124e-06,2.439068460966928e-07,2.616791741054627e-06,6.527321683079441e-08,3.996347876462358e-07,3.027671329409945e-07,7.785632490504555e-07,5.393351038695119e-07,4.848362445484444e-07,1.4023737694123148e-07,2.044292663483579e-06,6.174961408079184e-07,5.715091797729591e-07,9.287813113010429e-07,4.6241306432558503e-07,6.075230322925476e-07,3.3305200739643684e-07,1.5788500789699974e-06,1.4236634466100437e-06,9.908493386913624e-07,5.337340548243758e-07,6.486029883381034e-07,6.691556688584551e-07,6.400667019588879e-07,6.917875538543686e-07,7.857379750536366e-07,5.733242828474859e-07,6.101015480929318e-07,7.143875966739063e-07,2.63841527225439e-07,1.4255093079619873e-06,6.456194700327549e-07,3.4294717367622113e-07,5.739114466254519e-07,5.571366300519265e-07,2.1641598445430557e-06,3.731145411712109e-07,3.079719013735525e-07,8.111056201920562e-07,4.069209019499122e-07,4.516392728391397e-07,2.500543358941647e-07,8.209119337604435e-07,5.997688822695709e-07,6.47871553803037e-07,4.72857645148883e-07,6.230878101869332e-07,6.132778571073038e-07,1.9309361107532467e-07,1.37582850738091e-06,9.375449275445037e-07,9.497243345394503e-07,,,,,,,,,,,,,,,,,,,,,,,,,,,,
83.0,2.2626151318944532e-07,2.6564536017872625e-06,1.4461981282406698e-06,-4.042823692175284e-07,7.907963194929658e-07,6.812524640833014e-07,6.00974574417551e-07,3.075549664661264e-07,2.0488404915895335e-06,7.02090385248552e-06,1.4267549513345018e-06,1.0061691089682132e-06,6.202664515766294e-07,3.2207853583902956e-07,8.917665629369667e-07,3.7647151895598387e-07,5.935744702105519e-07,4.705634188310808e-07,7.637764450308266e-07,1.143051081122243e-06,4.092566918159001e-07,4.080190979198671e-07,5.129846748169988e-06,4.624091127271772e-07,3.3762985573355546e-07,2.3524684178163212e-06,1.4670264723861924e-06,1.39194623787253e-06,8.855212383564236e-07,2.451322454929729e-07,2.2993281755120264e-07,1.60062647029917e-07,6.410109401494922e-07,5.625984645248667e-07,7.62323910343853e-08,1.5250623081882866e-06,3.1906610029650817e-07,2.774015794123488e-07,5.56040439176271e-07,6.6152273834196545e-06,8.895572751482823e-06,5.673845756671147e-07,3.619121249466608e-07,4.4946346383666814e-07,3.0509509264982e-07,6.962009457189671e-07,1.519446950332569e-06,7.123666921500648e-07,5.85672726243766e-07,5.67067089924708e-07,6.024755313278731e-07,6.640541209437493e-07,6.739835083786465e-07,5.056636427131372e-07,6.512351885668496e-07,5.384529533029957e-07,6.49540059938515e-07,6.235115886544346e-07,1.5455693238669898e-06,9.218388715637772e-07,7.542365823539434e-07,6.05612403787801e-07,1.7582829719956933e-06,8.577703265087537e-07,8.840886420536367e-07,1.0978274318789686e-06,3.823343383785424e-07,5.18015395593017e-07,1.8316056754198023e-06,4.447630530742332e-07,1.5664676212724654e-06,1.6613851291995403e-06,5.585503227366924e-06,1.2019584205228428e-06,1.2293949004540892e-06,7.156223947031259e-07,1.0002412211241688e-06,4.978542509048127e-07,5.271788131151241e-07,1.5970836680508164e-06,3.838726074539977e-06,8.923551959057742e-07,1.4567972232607489e-06,3.8716057639703796e-07,5.079812109520822e-07,2.412323488266683e-07,,,,,,,,,,,,,,,,,,,,,,,,,,
84.0,9.759672581374356e-07,9.33620518437407e-07,1.5561879080653886e-06,1.8814759365827962e-06,1.4221116072368969e-06,8.343332267037027e-08,1.5175890296350464e-06,2.883269315609571e-07,1.8301599007372326e-06,7.368063730209792e-07,3.3875800985842096e-07,4.1355572053287324e-07,1.2361256763777096e-06,8.073321918987328e-07,6.889118236059681e-06,1.5153393854797484e-06,7.321451089341787e-07,1.1013907391218962e-06,6.654212847793867e-07,3.952682048714988e-07,1.4351156390592198e-06,4.2911943495508717e-07,1.3230548789989706e-06,1.3238952294445874e-06,2.8453346044547175e-07,2.8415317957488386e-06,4.040059744737296e-07,1.2269114164609036e-06,1.860927121678654e-06,8.678117717942142e-06,2.187095201469957e-06,8.229721532553788e-07,5.828209827755632e-06,6.457151138518794e-06,6.940937760837798e-06,6.858018320614908e-07,5.865431126624578e-07,7.966458842336255e-07,1.3691744212432365e-06,4.935405496696894e-07,1.0263599738646207e-06,1.641212836490856e-06,6.474075936443298e-07,6.103730402090257e-07,7.130788779566314e-07,4.968632618303424e-07,1.7481156579298272e-06,5.3509803445712195e-06,5.178619484229766e-08,6.443820030038878e-06,6.858299493237039e-07,5.090995616074462e-07,9.924560488923914e-06,5.865959926624262e-07,6.481478655583703e-07,1.1506900042245364e-06,7.01918364556725e-07,1.606027934208592e-06,1.4841175017938415e-07,2.697066847465702e-06,5.667293293695711e-07,2.2823305332878535e-07,1.8398556724074367e-06,2.58558591203298e-07,2.2070242427559304e-07,1.5258499062537732e-06,6.009388087540915e-07,1.4269112577663002e-06,8.042524038442349e-07,3.452109076370606e-07,2.965468361058074e-07,3.4887464743061667e-07,2.89743252204166e-07,5.224387870201002e-07,4.447838294580737e-07,2.8698395931558437e-07,1.7328551714242806e-07,1.684902636546084e-06,1.0702726834014301e-06,1.5570848649317168e-06,1.1672911955071904e-06,8.927616776356232e-07,1.0833229234734017e-06,1.028363384406012e-06,3.538691097931626e-07,1.1170387698134817e-06,,,,,,,,,,,,,,,,,,,,,,,,,,
85.0,6.027355585810456e-06,5.385881253578322e-06,6.894947136573041e-07,5.925560975733505e-07,8.619903480061067e-07,9.820595280813423e-07,2.199544566659056e-07,1.3733732184523936e-07,3.5931798710866154e-07,8.294379333607543e-07,1.2329026889059088e-07,6.548833600226039e-07,3.345393759491967e-06,2.805604490502457e-07,6.113887437431088e-07,7.70409425568064e-07,1.6582626358257328e-06,1.0484794986324497e-05,6.814083940068693e-07,4.030503504487337e-06,6.319138868044034e-07,8.125286905755155e-07,2.259620999714753e-06,4.940924508603952e-07,7.996727839174755e-07,5.066669434298946e-07,1.0203301966358488e-06,2.6160120679647547e-06,6.632259137496806e-07,6.812363188137051e-07,1.6374803419592545e-07,6.118280649956876e-07,4.226694163274073e-06,5.762407348522724e-07,2.482430789138926e-07,3.476524193322582e-07,5.7211232193511026e-06,7.741108798712689e-07,8.319401462187968e-07,3.958185178218227e-07,9.410954285339094e-07,8.687494800917089e-07,5.710831657150017e-07,6.042048489400373e-07,1.7958183662924224e-06,1.106981793291154e-06,1.000578674652631e-05,4.4819056920017135e-07,5.316273585863344e-07,4.2651918152853615e-07,3.256481719978001e-07,1.4702102953117156e-06,6.817157456489312e-07,1.8893479424092689e-06,7.740964929469664e-07,3.267463752743896e-07,1.0499498294157957e-06,6.468483399012102e-07,2.5127000830929183e-06,3.359732982566852e-07,2.4475676917539367e-06,1.957141040968779e-06,3.9620108193194934e-07,4.932334136143806e-07,1.2012199524186153e-06,9.403753587305746e-07,5.095580431899301e-06,6.261383004788216e-07,6.1453213916490615e-06,5.015232358945877e-06,1.0996297599014373e-06,9.159404314016385e-07,2.0729875364576186e-07,6.859558497735611e-07,7.234865255020651e-06,3.370529285077778e-07,6.21115693725955e-07,9.5214784901267e-06,8.982993724811684e-06,8.754674934334531e-07,1.616070801057637e-06,8.705680561503233e-07,3.6697003990104397e-06,8.222244649296035e-07,3.4387902258283377e-07,1.4385655902599915e-06,2.383295671680904e-07,2.2837467366195237e-06,2.0697334872202975e-06,1.4190465509434723e-06,,,,,,,,,,,,,,,,,,,,,,
86.0,1.460921836745183e-06,1.914947616747379e-06,2.3728855068849047e-07,6.788252421311277e-06,6.654006829228861e-07,1.2977010154303703e-06,1.6779970870683814e-06,6.849074074307046e-07,3.1414503102867357e-07,1.2160619540075299e-06,8.087204861860986e-07,2.0219901041510986e-07,5.183231808163958e-07,1.5276990945976553e-06,5.681360414144627e-07,5.1922702012526895e-06,3.4943816969249333e-07,3.0600079496344464e-07,6.576136107099734e-07,7.254896128814604e-07,1.8610907931320926e-07,1.3686113760791352e-06,5.528418325280027e-07,1.8984695059448444e-06,4.345457764876549e-06,5.995488600358239e-07,1.6341048132990172e-06,4.156050360833835e-07,9.274928009541269e-07,1.9285747665276115e-07,3.161866237295319e-07,6.018095598825624e-06,6.816071469154172e-07,1.4552883937687478e-06,8.529734916631855e-07,1.125953441819519e-06,1.486686677930278e-06,2.6693214551545094e-06,1.8376570063632915e-06,8.099829350075115e-06,3.37654864956453e-07,3.8846841038349553e-07,3.753426259425007e-07,3.6246436145873755e-07,3.11350284508108e-07,7.593073465049287e-06,9.079894594239785e-06,1.0304018454535475e-06,7.249305627509999e-07,1.3477370970617233e-06,2.472495859674927e-06,3.531370450523572e-07,1.4162985822375951e-06,2.371244039938852e-06,6.774865860673901e-07,6.700269608611876e-07,6.494566542663395e-06,3.968374361903494e-07,6.200922158856496e-06,6.560462995629276e-07,6.872676810623656e-07,9.83408157902764e-07,9.54521034056887e-07,2.0893891111436643e-06,1.469821462780365e-06,4.444437462021883e-07,3.499209412134749e-07,6.867264883100754e-07,1.978084050404895e-06,7.720690511313329e-07,7.870629612681468e-07,6.956470294370321e-07,7.631664259982717e-07,7.246488965880042e-07,7.024643601518989e-07,5.995142988321223e-07,7.681253000745206e-07,6.713174495853105e-06,4.340298963420495e-07,8.127266331686953e-07,6.79617674980037e-07,3.6333413002984456e-06,1.0605095216705657e-06,5.171526445484056e-06,7.4763189652667705e-06,7.611838177007247e-08,2.2433139535995388e-07,5.388273914427735e-07,1.131279950533781e-06,5.087484219767525e-07,6.044736925009153e-07,7.175845479889446e-07,1.8721858809506751e-06,1.5773249359513163e-06,8.935529807087997e-07,5.453791716261606e-07,6.100861144310195e-07,5.981277965443715e-06,6.241901734780607e-07,6.086496357172258e-07,6.649095880879768e-07,5.969142913593169e-07,9.44972838437137e-07,1.4727872619558993e-06,5.982608988971143e-07,7.087052577284117e-07,4.982320064165396e-07,6.67270841759987e-07,1.6093874905500936e-06,1.077956429429876e-06,1.1215035654681137e-06,1.4907256490985588e-07
87.0,7.015835286260656e-07,1.372130354848248e-06,5.7581701940218e-07,2.3770888297359925e-07,6.448626747960146e-07,6.697283709960693e-07,8.737497894357461e-06,1.0667505132473764e-05,1.0000594946212682e-06,1.088560048583843e-05,9.616805479818915e-07,3.3646856141466886e-07,6.610477853451578e-07,7.35445227231646e-07,6.853889322671929e-07,6.303578861009436e-07,4.5651109625446787e-07,8.622889729787241e-07,5.516601923372828e-07,5.763551701283206e-07,6.584500797020681e-07,3.98330650447377e-07,1.1213551233387201e-06,3.512937605152027e-06,9.502376791684496e-07,1.0984648203603852e-06,4.2255215632695384e-07,4.2783615983186506e-07,6.130930865885722e-07,6.549490306319874e-07,1.126372580816674e-06,2.6353825799505194e-06,1.0501178296508217e-06,7.104520469253218e-07,3.6320734709334466e-07,2.470084879765122e-07,7.330717974791e-07,1.067212288590839e-06,5.569765668255152e-07,1.723573070325735e-06,1.84765663491673e-06,2.39157931110976e-06,4.143144340136112e-07,3.9369888747212497e-07,4.183257841217228e-06,1.5049486277070384e-06,1.6957359887042994e-06,1.4623025499814674e-06,3.4737688041002873e-07,2.27093926769378e-06,2.399304066477472e-06,1.1411798676622628e-06,1.24960725034864e-06,1.1462108662725455e-06,1.8759625882822375e-07,8.98304692009955e-07,1.5706169304249202e-07,5.62418252013149e-07,1.927836005112671e-07,2.0890678996294617e-06,1.4676481387644926e-06,5.052427546761643e-07,6.894662883402042e-07,1.3073585851286492e-06,7.144580376302226e-07,9.028046676954388e-07,1.8427030934057962e-06,5.527691562458177e-07,1.201926590193189e-06,1.753801271820644e-07,2.722821855092549e-07,8.607875533808964e-07,8.910222216842518e-07,1.6005485176297861e-07,4.64936974967141e-07,5.9884129118196e-07,9.103224703687587e-07,2.7646764462385815e-07,1.791557497741777e-06,1.2844596400398979e-06,2.1283969349955114e-06,2.3109296964381806e-06,1.635601184372007e-06,1.1399142558015143e-07,1.2495930026623694e-07,2.876285966579891e-07,1.4758922407100958e-06,8.316910381020827e-07,1.7786246058797542e-07,6.761578757546211e-07,6.170678589778325e-07,1.6245025180035544e-07,2.4651924831275213e-06,6.858391884619527e-07,8.104482261278114e-08,6.155053521669763e-07,,,,,,,,,,,,,,,,
88.0,5.642913846197304e-06,6.542933950469104e-07,7.520010136401009e-07,3.702879467809937e-05,2.879664565822563e-06,1.5202865742643722e-06,8.887236700257534e-06,2.949064554451153e-07,3.581499814333428e-07,3.5107980136798013e-07,9.86803371405152e-07,9.915180554932054e-07,5.395776703010213e-07,1.0133474128430258e-06,3.783741942492689e-07,6.733577324130831e-07,5.510863715965221e-06,3.8850432560947905e-07,1.0100743603141438e-06,5.871307887754811e-06,5.979421281541804e-06,1.1649993857077825e-06,2.494023946615463e-06,1.6130142564806276e-06,8.6364047710913e-07,1.350121246133317e-06,4.3968326662388547e-07,1.0477291102348141e-06,4.996651813789768e-07,5.738484880199058e-07,8.414510876853224e-07,6.488707909646387e-07,6.716924376907179e-07,6.13516714617243e-07,4.968269454681987e-07,1.2305272511989943e-06,7.511492280402169e-07,3.997751437156834e-07,3.843388113874043e-07,2.536103550579832e-06,1.165466308735602e-06,2.8467501360846135e-07,2.7674970462603994e-06,6.660171702778415e-06,5.063479017303223e-07,5.392807778881135e-07,1.4190362345788873e-07,3.8102497478585445e-07,7.636940387308437e-07,1.2868377655928434e-06,4.790895949800255e-06,5.669755678614218e-07,4.730029533855263e-06,9.075672273677579e-06,7.97608926071311e-06,8.896785129812597e-07,1.0805137253745622e-06,6.24612861057906e-07,9.998325951618054e-07,1.1158688043398837e-05,9.364479506819612e-07,7.733731592817486e-08,1.514155454786495e-07,6.123312056130252e-07,3.6576285884063627e-07,1.2017551344189683e-06,7.418937003383908e-07,1.2468527225990027e-06,5.500072752674157e-07,6.751863770701252e-07,1.1752707281447686e-06,9.270628625005135e-07,7.843516939890246e-07,2.9468818848072178e-06,5.534785019727895e-07,3.0100103501910297e-06,1.7864547444061996e-06,6.653340409328466e-07,6.683517834731137e-07,2.214741895553791e-06,1.0165181681195062e-05,2.0385473452165494e-07,6.453007883555717e-07,2.3559297340263553e-06,2.1523303709231664e-06,2.402642414125458e-07,8.754519765687723e-07,1.1441710988120752e-06,1.1886625320219314e-06,7.263566136021042e-07,6.91882578872271e-07,6.409997844017333e-07,1.255576854257777e-05,3.854819720298847e-07,1.1519750222434747e-06,2.1027665698129243e-07,7.38196043422011e-07,,,,,,,,,,,,,,,
89.0,3.5257068256113426e-07,6.529894162138456e-07,1.1933579274617056e-07,3.0691969162006884e-06,1.1280616766640348e-06,7.45077519089965e-07,9.820405199907213e-07,8.510578503689554e-07,3.56372334360513e-07,1.0085039219858107e-06,1.1820872010288209e-06,1.5099762745857455e-05,7.816503705845565e-07,1.235299341404959e-06,7.883935940281663e-08,3.3504403689528177e-06,1.121215587342281e-06,1.45723600098721e-06,7.018801831006477e-07,2.1113776798467228e-07,8.534724550690905e-07,8.947801775904864e-07,2.6406973568116703e-06,2.626059059647831e-06,3.2451751123179395e-06,1.0694407779936314e-06,8.283877393384972e-07,1.779615444478063e-06,1.110704207644033e-06,1.9354320842402406e-06,1.508375070692146e-07,1.979559833034702e-06,1.0621122425684482e-06,1.6331920463660345e-07,4.96751851583815e-07,1.8338031013142251e-06,7.450396068242001e-07,4.626213525203694e-07,5.614143930443497e-07,1.6984704583130762e-06,8.015651868670746e-07,-9.921785531109827e-08,2.5029904943426125e-07,4.18129459033207e-07,1.960184119987984e-06,2.3849123204822074e-06,1.8107111826691848e-06,1.3057644479057565e-07,1.6927625029621755e-06,4.051928446547971e-06,5.390529349360399e-07,1.2574849752759058e-06,5.598743893163813e-07,1.1812733748510172e-06,2.395911898654744e-06,2.7280238909245767e-06,2.399295851882293e-07,9.889668947244801e-07,5.205582339069382e-07,3.7677749142711114e-07,9.480678362022361e-07,2.5579059623681408e-06,1.1187398557559371e-06,7.092073648639941e-07,8.0902035891781e-07,1.1597125814392386e-05,1.2571319388661696e-06,3.4856611255552096e-06,4.4778692692623766e-07,4.5765143808146043e-07,2.4530325824188134e-07,2.289000566899104e-06,4.1113338634445643e-07,8.43238435460878e-06,1.671116358754916e-06,2.160550481266854e-06,1.5621732659675399e-06,7.825796352422692e-06,2.5029308761596284e-06,2.1570981716255615e-07,7.709821876070869e-06,7.162753018682383e-07,4.0071911044791394e-07,7.472158947570321e-06,2.123248312531393e-06,2.0129138024530077e-06,2.966823094096548e-06,1.157483550605103e-05,1.1765437253495665e-06,6.898725452427362e-07,1.0774622384467782e-06,9.348459834091622e-07,1.6419983203978736e-06,5.989336647536936e-06,4.013801661095233e-07,,,,,,,,,,,,,,,,,
90.0,1.6129518549707297e-06,7.906766367285647e-07,8.805369032477247e-07,2.8143314241251702e-06,3.9043424930850284e-07,6.735259795300383e-07,3.102281189047466e-06,1.0929280313758106e-06,5.80006958558455e-07,5.794776993189861e-06,1.1458074593852373e-06,4.874700065269786e-07,9.665731009965394e-07,2.5679259165353646e-07,1.0801207711934101e-06,6.234686349007037e-07,7.675214154647844e-07,5.02411821607174e-07,4.634678646049717e-07,4.6009392302217345e-07,6.325258803650009e-07,1.1121489542417295e-06,1.055508995359148e-06,7.54151283677665e-07,1.9320754361705585e-06,1.2010756423216245e-06,4.124162977355301e-06,9.670001353631592e-07,4.558345959604462e-06,2.356985235167386e-07,1.0969118340132397e-06,1.0459609184408895e-06,2.682299798794503e-06,4.0133036988497695e-06,1.1888466136225948e-06,1.0103985629458738e-06,1.2156966531045883e-06,4.4334838020150163e-07,8.616134121401471e-07,4.4071689046275743e-07,7.589034500992868e-07,1.1487804166312657e-06,1.6945739381569995e-05,2.7933470346053954e-06,9.31649855881013e-07,5.702223516287496e-06,8.159177954024652e-07,8.297826268405331e-07,4.485420983395841e-06,-2.218686959244273e-07,1.104309592109482e-06,1.1544860469737642e-06,1.765682493393407e-07,7.791903387787381e-07,2.147319085545698e-07,1.0966871605072256e-06,1.7147482619790686e-06,4.379072435933616e-07,2.3831690740801912e-07,7.436598373954463e-07,6.967471174065137e-07,2.2308920358590423e-06,5.091251162229917e-07,6.87516655408614e-07,1.3053927072028654e-07,5.6783407284904124e-06,4.5821903436650965e-07,1.769614330056084e-06,7.272975521965199e-07,1.1689687290210416e-07,1.1090695187565489e-07,9.007103302006235e-07,1.212816297783789e-06,5.21787101862833e-07,5.029615854454658e-07,1.267196810682395e-07,6.097261843611316e-07,1.0577958472644963e-06,1.119011705483596e-05,2.460165159542516e-07,2.33128584990274e-06,2.4191911657920765e-07,1.5264952683074184e-06,7.86535434647368e-07,1.5494686392152133e-06,2.459432166459084e-07,1.8128297145326472e-06,2.3281035234293363e-07,,,,,,,,,,,,,,,,,,,,,,,,
91.0,1.780126506818645e-06,1.2189478900875821e-06,8.456073982718943e-06,6.417910633816549e-07,1.374717235436001e-06,2.146956733824332e-07,7.697419761225506e-07,8.297742895868483e-07,8.829323002888485e-07,2.0996598023053427e-06,4.527307767477685e-07,2.6471210654735123e-06,9.107805629932593e-07,1.2301031755173686e-06,4.891276605850931e-07,3.764956841412846e-05,1.5758830161977068e-06,8.264411261321757e-07,8.390026185219343e-07,3.933456173779976e-07,5.719634485757439e-07,6.258298916182004e-07,5.891678222683568e-07,4.1520735495152876e-07,2.2360528070306995e-06,3.968956453429258e-06,9.80145456073227e-07,6.741490147324535e-07,1.4736731159777369e-06,1.252691848586583e-06,4.31742583054264e-06,1.7993891368205243e-06,6.350269205277779e-07,4.59630119778169e-06,2.027099265521845e-06,1.5761822363234158e-07,7.198881618984842e-07,2.563979089146457e-07,5.922464996596795e-07,1.1689327438993013e-05,9.680069629244561e-07,1.466503639218434e-06,6.942871278847143e-07,6.717514355129208e-07,1.0918020252857706e-06,7.952562999696812e-07,6.800160667661763e-07,1.4241759376938804e-06,9.123016455879741e-07,6.6870269987635e-07,5.429400817552163e-07,8.532445510759524e-07,7.887717850767109e-07,1.4342486348046667e-06,1.573566921654471e-06,7.781605903027398e-08,2.4148538185141613e-07,8.615593360453336e-07,8.318645839763989e-08,3.466277616734144e-06,1.3005230016863753e-06,1.2807843309530864e-05,1.4328457264816498e-06,6.675241993941314e-06,9.896701466415252e-06,4.242235590724003e-07,9.367910005887755e-07,9.733264339977569e-07,7.722563708983031e-07,1.7632800393826158e-05,6.372344371775979e-07,7.753811505132198e-07,1.084497590045946e-06,5.200073974629053e-07,6.4399848823418915e-06,1.712264708477042e-06,1.6438943719883249e-06,1.6143871995614312e-06,3.137875232112391e-05,8.625769681842793e-07,1.7234367139362515e-06,5.037787472721301e-07,1.000013769297586e-06,9.709371592185175e-07,9.423916068812426e-07,1.0684169666642298e-06,1.3246726035452512e-06,1.1158925131178312e-06,5.926954728192332e-06,1.8810179217158065e-06,1.3329640296152225e-06,,,,,,,,,,,,,,,,,,,,,
92.0,2.0146709247228833e-06,1.2933539909970725e-06,7.003453095607976e-07,9.17029039069237e-07,7.753121434113508e-07,9.55495409090748e-07,2.1514725365701175e-06,5.423496898006866e-07,2.03838199858578e-06,1.373214725256744e-06,1.8187338337143845e-06,3.0968036962712106e-06,6.194331803099795e-07,1.8655701515320873e-06,4.5732478063546095e-07,6.936034905948633e-07,1.4523109153708075e-06,2.541206863654505e-07,1.398994158081066e-06,2.2425849494558616e-06,6.264986623487078e-07,2.0302332453816776e-06,7.681266531308862e-07,1.0796597157826352e-06,-3.139194635677414e-09,7.857728285471141e-07,1.7958198993303336e-06,8.557247085283848e-07,2.6796135446899517e-06,9.007135047501614e-07,4.7561708333052313e-07,5.396590821901805e-07,1.1323903018612311e-06,7.250532411528185e-07,1.0225637977594868e-06,1.0732567760964189e-05,2.998277817066654e-06,6.213204386472416e-07,8.249661313899767e-07,1.713837689018795e-06,4.683110760920661e-07,1.274591526306853e-06,8.74597781857226e-08,1.331224518531807e-06,1.5084209898727025e-06,1.7384823951313066e-06,4.825114545426093e-07,1.0276551479900699e-06,1.218459661398608e-06,9.674328285737182e-07,1.577889498133932e-06,5.102863497053679e-07,2.4733266801616173e-07,2.1467042170427645e-05,1.100616733019967e-06,1.2261783237350751e-06,1.1344613481467123e-06,2.6626521943963927e-06,1.1032754448161185e-06,1.1673775263516624e-05,2.223791243247444e-06,5.113220255008049e-07,1.9239482272287506e-06,8.250627672674137e-07,5.732839118947019e-07,1.2369592218894083e-06,2.2520555519975145e-06,1.4281718357215666e-06,8.504586473546022e-07,6.724724901741403e-07,3.320790663147613e-05,6.852757524240629e-07,5.512951911419447e-07,1.8477088318925303e-07,1.616627116326923e-07,1.5548945535504545e-06,6.677312605292005e-07,7.708895626940362e-07,2.4271120003419857e-06,1.1043961173543092e-06,1.1992775753945835e-06,2.4626182025103967e-06,1.8532319303415728e-07,3.6495230033853766e-07,1.1239577519654624e-07,9.700197798351667e-07,1.0436751230309265e-05,6.641393189829502e-06,,,,,,,,,,,,,,,,,,,,,,,,
93.0,1.252565529041976e-06,4.560085498136613e-07,3.511144190402783e-06,7.310034101969355e-07,5.656772712510611e-07,1.0689740642337328e-06,2.12788774981364e-06,7.406641221682198e-07,3.004946713568182e-06,1.4258620931584337e-06,3.067382216498578e-06,2.8683492207387224e-06,7.366441351481142e-07,7.503220599151471e-07,1.0203656305850324e-06,6.638882339555457e-07,1.1474953080914261e-05,1.1470692786123645e-05,1.3131393860423918e-06,9.579235702430465e-07,3.2820708109301744e-06,6.804188223658877e-07,1.035936666516445e-06,9.622846664761909e-07,6.894874001913059e-05,2.1213543832207875e-06,2.3888026010156175e-06,1.202041220643749e-05,1.5847596019969003e-06,1.3337178412327206e-07,2.996976457620648e-07,1.1436598013391062e-06,1.6387270981387827e-06,1.9009077690875723e-05,8.601507671384606e-07,6.846453500178037e-06,1.306632333373883e-06,1.917370266580139e-06,1.1395816011839941e-06,1.1750152296977854e-06,5.375683756607246e-07,1.341104269303716e-06,1.8844159506381785e-07,1.680199680419637e-07,1.1837139035412815e-06,1.2907428754248014e-06,7.295864087965506e-06,1.1958584954371244e-06,1.4441767658603887e-06,1.2899087798757239e-07,4.969511265892725e-06,9.282993856949479e-07,5.896195077552457e-07,1.6121366463239706e-06,2.529030488164023e-06,3.0406253339764706e-06,2.894018456343378e-07,4.17471925072125e-06,3.0080659957812766e-06,9.345490864965182e-07,1.035743359012539e-06,4.308751685160707e-06,2.91181572212461e-06,1.8005741640038788e-05,1.1055982416359787e-06,2.6833391841042664e-06,2.324873399638626e-06,1.110640652370882e-06,2.5210439183608504e-06,6.239224754152689e-07,5.661064179465496e-07,7.035135616118746e-07,1.2308251200441495e-06,1.378034271880724e-06,2.74022377120644e-06,1.007415395161512e-06,1.7706397342147527e-07,8.771941686897272e-07,1.3350194777874153e-06,5.794560005698062e-07,2.3335481250949475e-06,2.2672765537220264e-06,,,,,,,,,,,,,,,,,,,,,,,,,,,,,,
94.0,8.274144547111128e-07,5.3728786805643876e-05,2.896970135131435e-06,2.865452075270731e-06,2.3545958099624736e-06,7.699617803981085e-06,1.0065982078188316e-06,1.388766571638358e-06,1.3861125101045912e-06,3.2114297742784736e-06,9.849020976463899e-07,1.8084002656284497e-06,1.1158165016674266e-05,3.0284636387858337e-07,9.875591170952805e-07,1.008016867049131e-06,1.4904167299397898e-06,1.4633387499985088e-06,3.0887991693158017e-06,1.9983971189694188e-06,6.753346621056307e-07,8.665626933375223e-07,5.834513730875708e-07,2.3574656158909384e-05,5.65934803585691e-07,1.0043641672286671e-06,1.0897778256326644e-07,1.0628469994875358e-07,1.3797382209428054e-07,1.6538141792787406e-06,0.00013089141101976348,1.1621502514634879e-06,0.0001188169957160978,1.046149261048168e-06,5.818803001862238e-07,5.056450613629669e-07,1.2539386881688322e-06,1.3379041353003287e-05,1.7862595949257085e-07,1.3560634747459098e-06,2.449566087588631e-06,2.513571671880324e-06,2.030062971739149e-06,6.140993449742031e-07,2.561614998039093e-06,3.4225059690281988e-06,3.087776427956901e-06,1.6780695117068622e-06,8.963319446611975e-07,3.945568574807708e-07,1.4843027582051215e-06,9.915268417699333e-07,5.273498923651381e-07,4.988485719601072e-07,9.884695252932375e-07,1.3214517025367198e-06,5.342846815438939e-05,1.1302217760743979e-06,1.9494826459465125e-06,7.995442355893629e-07,8.489734715918293e-07,7.685645444483173e-07,1.525269183191108e-06,1.753667742110226e-06,7.827433969101237e-07,1.5596419702418517e-06,4.899602591231286e-07,3.7138970183503715e-06,2.185078230094633e-06,1.1730373926991488e-06,1.4482184955934906e-06,4.262236197886734e-06,1.6659587478301134e-06,2.9095490404178078e-06,4.3082834882427725e-06,1.5197901435059385e-06,1.0703599338957287e-05,1.94066198074296e-06,1.446779271507071e-06,6.513231026667193e-07,1.0186713520962299e-06,8.315307676546166e-07,7.689805036192548e-07,,,,,,,,,,,,,,,,,,,,,,,,,,,,,
95.0,7.780183190903429e-07,1.805225506911499e-06,6.882535805466579e-07,2.7846448229777273e-06,3.1927646366492438e-06,8.850157402848815e-06,1.0225099742993707e-05,5.645656866814844e-06,3.486639497609459e-06,1.2463684963969365e-06,1.3464552403751327e-06,2.0770309253241735e-06,1.3835557834368894e-06,1.0811601165189068e-05,9.376931662895749e-05,1.5542562771835696e-06,1.0626410338249856e-06,1.7220564411784208e-06,6.192461130396317e-06,2.6995868217634726e-06,2.5150841190964313e-06,1.8671417273963663e-06,9.550858615761764e-07,3.2177291697913464e-05,2.755985820120773e-06,1.0290043679417391e-06,2.483646591466794e-06,1.994399051858983e-05,5.892772906847574e-05,3.964946273215941e-06,5.65833908334193e-07,9.123060766784068e-07,1.5094401975367765e-05,5.101217564830722e-06,1.0206299030253352e-05,4.748961716451806e-06,9.039580705031966e-07,2.5648839642770387e-06,1.58305356470954e-06,7.813051892400065e-06,1.1698477967462258e-06,2.115609849051445e-06,1.5907497331113882e-06,1.3511906587072523e-07,3.859522203188308e-06,1.3496783308518402e-06,8.26178885743237e-07,3.3223349470506824e-06,5.625120749524614e-05,1.0760649475700157e-05,2.351279084807738e-05,1.4158185291988573e-06,1.3107638622315729e-06,5.279858166049528e-07,2.9770547456401772e-06,4.105253645722664e-06,2.3387959789576114e-06,3.3980304723469124e-06,1.7109946930274703e-06,5.52892888897887e-06,1.0281827586648815e-05,2.0881809656522646e-06,1.6103573705285198e-05,1.0191333667681863e-06,1.4782179896140238e-05,1.4130937997899073e-06,4.97210853901613e-06,2.813477289954461e-06,1.2022431344952886e-06,,,,,,,,,,,,,,,,,,,,,,,,,,,,,,,,,,,,,,,,,,,
96.0,1.7896674946142888e-07,1.105662816538508e-06,4.053790202083054e-06,9.7843291207545e-07,4.778248644713997e-05,1.7162802193493824e-06,6.571506711865753e-06,1.8029033022118398e-06,2.5736091936525144e-05,1.469435230231655e-06,2.1034818683078448e-05,1.1764004634958264e-06,4.07100067940465e-06,1.574487566529443e-06,1.2482132157595621e-06,1.3330481857278257e-06,1.9138191820645152e-06,0.00013568905315144416,2.2582857830352474e-06,0.00027536103133006865,1.5639460272164825e-06,0.00017812122796554027,3.85301303621402e-06,3.991988139819424e-06,4.22239048706757e-06,2.085836796665233e-06,1.140653698566642e-06,1.521242437508027e-06,5.4892009405181075e-06,2.4676134780123657e-06,4.851792587181511e-06,9.147777559106741e-05,4.923663029366337e-05,6.32094231006003e-06,8.152641625485823e-06,4.0275824370258624e-05,1.7581192315867397e-05,2.885709086352728e-05,1.2675761588842044e-06,1.0880055777799555e-05,2.1167625622217644e-06,1.9412423651030784e-06,1.7343723646448684e-06,4.0177661200977635e-06,4.2190426476714294e-06,3.3918288981687636e-05,1.3836297068806955e-06,3.22859967948987e-06,7.711563568287528e-06,5.100339894089166e-06,3.0187775558444e-06,1.0532475027302297e-06,7.964163281281676e-06,3.0337474953009953e-05,2.2079671214637915e-06,1.7978975652320215e-05,2.1941204358247115e-06,5.213600409428979e-05,4.625720650052761e-05,5.991984056288679e-06,5.047379654317474e-06,3.7589284893336916e-06,7.772652859731722e-07,1.8821536578358647e-06,1.7421167655247953e-06,1.5681927632559543e-05,1.7137331729669839e-06,7.864539614714545e-06,,,,,,,,,,,,,,,,,,,,,,,,,,,,,,,,,,,,,,,,,,,,
97.0,2.175295577399692e-07,1.5007253440963342e-05,0.00011589551456366124,8.99140513760364e-05,7.851023699843432e-06,7.304054420101955e-06,9.583045238035917e-05,2.6922407159594913e-05,2.022727891115095e-06,2.1481163192379775e-06,5.529258038026886e-05,1.3095136380824676e-05,2.3737983510813652e-06,3.811645896794326e-06,9.288510135070223e-07,2.9830539955298483e-06,2.121181960777147e-05,2.2910379526171323e-06,1.5630940400966873e-05,1.9696897861108293e-05,1.0712198971728206e-05,3.904392298923626e-05,2.027593091857474e-06,4.226044442597226e-06,9.277388974929375e-06,2.9438721158058436e-05,4.170202023893905e-06,3.0796795818471514e-05,0.00013484605257724414,3.2060953866820916e-06,5.525544146032941e-06,2.467776150712379e-05,3.373328018047793e-06,3.906093495174477e-06,4.556131430910696e-06,1.4894776650106655e-05,2.279143019809534e-06,4.0721177987285574e-05,4.406474221968498e-06,8.634292148218873e-05,1.8548027981343244e-07,4.850661451810798e-05,1.1621135653646506e-05,4.5529616360844075e-05,6.76835874659968e-06,2.7209160789719196e-06,2.175356974361251e-06,6.878773419074419e-05,9.205093876053497e-06,2.301730211911365e-06,2.265386579955314e-06,0.00018737882767913146,3.343574583985533e-06,2.5635490664603412e-06,1.3288715220138023e-06,2.922240449892073e-05,1.059466160833514e-05,8.23131670104332e-05,2.0339461405548813e-06,1.0643181760046856e-05,4.072194760213461e-06,2.369773025841988e-05,5.278718152324079e-06,6.0407466420820496e-06,2.1358504257153456e-05,4.932146223720618e-05,6.308914105331896e-06,2.3052519877059217e-06,8.702338215675089e-06,,,,,,,,,,,,,,,,,,,,,,,,,,,,,,,,,,,,,,,,,,,
98.0,3.676253113965257e-06,2.8295794084369294e-05,7.813406389939724e-05,3.17232489160737e-06,2.9794725328720747e-05,3.292474179765529e-05,1.7926278540841424e-05,2.5347380748967295e-06,1.8787669665660654e-05,1.9301464622684128e-05,5.6737564832371774e-05,4.501791304931356e-06,2.4219759834343576e-05,1.59724622133318e-05,8.175440922627337e-06,3.810055672151706e-06,3.173141702229366e-05,3.720890354905827e-05,2.1886977458673175e-05,7.60221925553238e-05,2.8448808479784828e-05,1.1987251710904194e-05,3.798811510264869e-05,9.718003502267114e-05,1.0544637789654227e-06,3.6640062920196765e-06,6.811981593846976e-05,1.0188261408611001e-05,7.626445631388791e-05,0.00018256868499937559,6.302114891286635e-05,4.16468687263922e-06,3.142216542334922e-05,0.00030481799560182356,4.622281943941925e-06,1.703446344941811e-05,3.940306414453044e-06,2.5924689614644757e-06,7.206321423747106e-05,6.737359065150602e-05,5.575680400579607e-05,3.222637948729264e-05,8.16108024276341e-06,4.1481307171025745e-06,8.743560917923023e-06,5.199968962986703e-05,9.604961201250937e-05,2.0860001967344084e-05,1.0458257994810242e-05,3.433981940044955e-06,7.148266643346542e-06,2.091522158943226e-05,8.832937227986838e-06,9.804849843226028e-07,,,,,,,,,,,,,,,,,,,,,,,,,,,,,,,,,,,,,,,,,,,,,,,,,,,,,,,,,,
99.0,1.738599702650992e-05,5.438806166797819e-05,0.00017527220736527724,3.752154968422988e-06,2.9229636240131585e-05,9.447306852228861e-05,7.178410525079941e-05,0.00014478159234194787,9.178401203357883e-05,2.6039981503242633e-05,4.4565218426217507e-05,4.655602529810306e-05,3.819123894307996e-05,5.554401819371183e-05,2.786171299115897e-05,4.99708739500832e-05,9.6268885092167e-05,9.80139467271987e-05,3.583333039743775e-05,2.2757509398707432e-05,7.439357660902494e-05,3.439725192952384e-05,2.189173332119642e-06,3.610345476455815e-05,3.090701220356389e-05,1.678741098232574e-05,0.00011818029735780132,2.2826080491949125e-07,5.186629450975583e-07,0.00030717699205450087,0.00011053298175841289,0.00022400929836773037,2.6017984788500596e-05,4.278456188167411e-05,0.00013948370839389273,4.7403018910199104e-05,2.0890528776533263e-05,3.977537770173106e-05,8.013506509402493e-05,0.00013875641679768252,2.8905766886031842e-05,3.15436070474777e-05,3.332404457197073e-05,0.00013260829307445684,1.0247133043447634e-05,2.518546196738389e-05,1.3015596711700764e-05,7.671718397692838e-05,1.1020629180267883e-05,5.269771784118442e-05,3.647769343963216e-05,6.652946438508774e-05,1.2791244150189252e-05,4.869223968050261e-05,3.2611355781907146e-05,2.0696706548645464e-05,0.00011860757522019276,0.00019940691222160105,1.2446258982842217e-05,5.531543832935035e-05,1.0052333615029356e-05,8.125879177148221e-05,0.00023419636648805403,,,,,,,,,,,,,,,,,,,,,,,,,,,,,,,,,,,,,,,,,,,,,,,,,
100.0,3.672556583659859e-05,0.00040330987895692306,8.065537781610148e-05,8.800754489664991e-05,0.000167558893453025,0.00012671268451075305,7.593375443051808e-05,2.147136925749566e-05,5.674526795395983e-05,3.965218286625428e-05,0.00022085982209785676,0.00011877263548466639,0.0001701444276718515,3.688371200511267e-05,0.00039875367191220373,3.8158996135743766e-05,0.0002723084887898112,4.480809244277725e-05,9.535891567308044e-05,2.3116561153620655e-06,0.00010382840682502691,5.977861706298678e-05,8.433165413556863e-05,0.00010561654483471035,0.00010706236408175312,0.00011877242487558217,0.00015658610570502105,5.3161665378839145e-05,0.00010485669086360883,5.4202857730886405e-05,7.5238292760567e-05,4.579619763757048e-05,3.7892598069348314e-05,0.0001019386360168672,0.0001519311665463225,5.9905741610874385e-05,0.00015825182796570664,3.8836770388579866e-05,7.234781235677772e-05,4.827660673408206e-05,7.010317795513007e-05,0.00010625515884193511,8.020800934713819e-05,0.00015100727767408648,4.8141415060099814e-05,6.84526782419887e-05,3.9372399567656904e-05,6.943275621072751e-05,8.969278400623218e-05,3.3591422374776326e-05,3.88833878328083e-05,4.3475099759448924e-05,3.65381334081074e-05,3.0358048391850145e-05,3.592783783668888e-05,0.00013517203932530495,6.8351815729913e-05,7.726569586232475e-05,9.605776438812759e-05,3.513710983639445e-05,3.969288720483075e-05,0.00015571103984694318,0.0003284976391500895,,,,,,,,,,,,,,,,,,,,,,,,,,,,,,,,,,,,,,,,,,,,,,,,,
